Date,Matchup,Away,Home,Away_Line,Home_Line,Open_Away,Best Odds_Away,Consensus_Away,bet365_Away,DraftKings_Away,BetMGM_Away,FanDuel_Away,theScore Bet_Away,BetRivers_Away,SugarHouse_Away,PartyCasino_Away,Fliff_Away,Caesars_Away,PointsBet_Away,Hard Rock Bet_Away,ESPNBet_Away,Fanatics_Away,Open_Home,Best Odds_Home,Consensus_Home,bet365_Home,DraftKings_Home,BetMGM_Home,FanDuel_Home,theScore Bet_Home,BetRivers_Home,SugarHouse_Home,PartyCasino_Home,Fliff_Home,Caesars_Home,PointsBet_Home,Hard Rock Bet_Home,ESPNBet_Home,Fanatics_Home
2024-04-01,ATL at CWS,ATL,CWS,-1.5,1.5,+490,+410,+410,,,,+410,,,,,,,,,,,-750,-590,-590,,,,-590,,,,,,,,,,
2024-04-01,COL at CHC,COL,CHC,1.5,-1.5,-900,-850,-850,,,,-850,,,,,,,,,,,+570,+540,+540,,,,+540,,,,,,,,,,
2024-04-01,PIT at WSH,PIT,WSH,1.5,-1.5,-1200,-1400,-1401,,,,-1400,,,,,,,,,,,+680,+760,+760,,,,+760,,,,,,,,,,
2024-04-01,KC at BAL,KC,BAL,1.5,-1.5,-1100,-1200,-1200,,,,-1200,,,,,,,,,,,+650,+710,+710,,,,+710,,,,,,,,,,
2024-04-01,LAA at MIA,LAA,MIA,-1.5,1.5,+730,+650,+650,,,,+650,,,,,,,,,,,-1300,-1100,-1100,,,,-1100,,,,,,,,,,
2024-04-01,CIN at PHI,CIN,PHI,1.5,-1.5,-750,-1200,-1200,,,,-1200,,,,,,,,,,,+490,+680,+680,,,,+680,,,,,,,,,,
2024-04-01,TEX at TB,TEX,TB,1.5,-1.5,-900,-950,-950,,,,-950,,,,,,,,,,,+570,+590,+590,,,,+590,,,,,,,,,,
2024-04-01,DET at NYM,DET,NYM,1.5,-1.5,-1200,-1200,-1200,,,,-1200,,,,,,,,,,,+680,+680,+680,,,,+680,,,,,,,,,,
2024-04-01,TOR at HOU,TOR,HOU,1.5,-1.5,-1000,-900,-900,,,,-900,,,,,,,,,,,+610,+570,+570,,,,+570,,,,,,,,,,
2024-04-01,CLE at SEA,CLE,SEA,-1.5,1.5,+710,+680,+680,,,,+680,,,,,,,,,,,-1250,-1200,-1200,,,,-1200,,,,,,,,,,
2024-04-01,STL at SD,STL,SD,-1.5,1.5,+680,+710,+710,,,,+710,,,,,,,,,,,-1200,-1200,-1200,,,,-1200,,,,,,,,,,
2024-04-01,BOS at ATH,BOS,ATH,-1.5,1.5,+710,+590,+590,,,,+590,,,,,,,,,,,-1250,-950,-950,,,,-950,,,,,,,,,,
2024-04-01,NYY at ARI,NYY,ARI,-1.5,1.5,+520,+520,+520,,,,+520,,,,,,,,,,,-800,-800,-800,,,,-800,,,,,,,,,,
2024-04-01,SF at LAD,SF,LAD,1.5,-1.5,-800,-850,-850,,,,-850,,,,,,,,,,,+520,+540,+540,,,,+540,,,,,,,,,,
2024-04-02,MIN at MIL,MIN,MIL,1.5,-1.5,-1800,-1400,-1401,,,,-1400,,,,,,,,,,,+880,+790,+790,,,,+790,,,,,,,,,,
2024-04-02,KC at BAL,KC,BAL,1.5,-1.5,-800,-950,-950,,,,-950,,,,,,,,,,,+540,+590,+590,,,,+590,,,,,,,,,,
2024-04-02,LAA at MIA,LAA,MIA,1.5,-1.5,-950,-800,-800,,,,-800,,,,,,,,,,,+590,+540,+540,,,,+540,,,,,,,,,,
2024-04-02,CIN at PHI,CIN,PHI,1.5,-1.5,-900,-1200,-1200,,,,-1200,,,,,,,,,,,+570,+680,+680,,,,+680,,,,,,,,,,
2024-04-02,TEX at TB,TEX,TB,1.5,-1.5,-800,-750,-750,,,,-750,,,,,,,,,,,+520,+490,+490,,,,+490,,,,,,,,,,
2024-04-02,COL at CHC,COL,CHC,1.5,-1.5,-1000,-950,-950,,,,-950,,,,,,,,,,,+610,+610,+610,,,,+610,,,,,,,,,,
2024-04-02,ATL at CWS,ATL,CWS,-1.5,1.5,+520,+540,+540,,,,+540,,,,,,,,,,,-800,-850,-850,,,,-850,,,,,,,,,,
2024-04-02,TOR at HOU,TOR,HOU,1.5,-1.5,-800,-950,-950,,,,-950,,,,,,,,,,,+520,+590,+590,,,,+590,,,,,,,,,,
2024-04-02,CLE at SEA,CLE,SEA,1.5,-1.5,-1400,-1600,-1600,,,,-1600,,,,,,,,,,,+760,+820,+820,,,,+820,,,,,,,,,,
2024-04-02,BOS at ATH,BOS,ATH,-1.5,1.5,+630,+570,+570,,,,+570,,,,,,,,,,,-1050,-900,-900,,,,-900,,,,,,,,,,
2024-04-02,STL at SD,STL,SD,1.5,-1.5,-1200,-1100,-1100,,,,-1100,,,,,,,,,,,+680,+650,+650,,,,+650,,,,,,,,,,
2024-04-02,NYY at ARI,NYY,ARI,1.5,-1.5,-1250,-1500,-1499,,,,-1500,,,,,,,,,,,+710,+790,+790,,,,+790,,,,,,,,,,
2024-04-02,SF at LAD,SF,LAD,1.5,-1.5,-1200,-1250,-1250,,,,-1250,,,,,,,,,,,+680,+710,+710,,,,+710,,,,,,,,,,
2024-04-03,KC at BAL,KC,BAL,1.5,-1.5,-1400,-1250,-1250,,,,-1250,,,,,,,,,,,+760,+710,+710,,,,+710,,,,,,,,,,
2024-04-03,MIN at MIL,MIN,MIL,1.5,-1.5,-1300,-1300,-1300,,,,-1300,,,,,,,,,,,+730,+730,+730,,,,+730,,,,,,,,,,
2024-04-03,LAA at MIA,LAA,MIA,-1.5,1.5,+710,+730,+730,,,,+730,,,,,,,,,,,-1250,-1300,-1300,,,,-1300,,,,,,,,,,
2024-04-03,TEX at TB,TEX,TB,1.5,-1.5,-1200,-1300,-1300,,,,-1300,,,,,,,,,,,+680,+710,+710,,,,+710,,,,,,,,,,
2024-04-03,BOS at ATH,BOS,ATH,-1.5,1.5,+610,+680,+680,,,,+680,,,,,,,,,,,-1000,-1200,-1200,,,,-1200,,,,,,,,,,
2024-04-03,NYY at ARI,NYY,ARI,1.5,-1.5,-1500,-1600,-1600,,,,-1600,,,,,,,,,,,+790,+820,+820,,,,+820,,,,,,,,,,
2024-04-03,CIN at PHI,CIN,PHI,1.5,-1.5,-900,-1250,-1250,,,,-1250,,,,,,,,,,,+570,+710,+710,,,,+710,,,,,,,,,,
2024-04-03,CLE at SEA,CLE,SEA,1.5,-1.5,-1050,-1050,-1050,,,,-1050,,,,,,,,,,,+630,+630,+630,,,,+630,,,,,,,,,,
2024-04-03,STL at SD,STL,SD,1.5,-1.5,-1100,-900,-900,,,,-900,,,,,,,,,,,+650,+570,+570,,,,+570,,,,,,,,,,
2024-04-03,PIT at WSH,PIT,WSH,-1.5,1.5,+570,+630,+630,,,,+630,,,,,,,,,,,-900,-1000,-1000,,,,-1000,,,,,,,,,,
2024-04-03,COL at CHC,COL,CHC,1.5,-1.5,-1050,-1200,-1200,,,,-1200,,,,,,,,,,,+630,+680,+680,,,,+680,,,,,,,,,,
2024-04-03,TOR at HOU,TOR,HOU,1.5,-1.5,-900,-950,-950,,,,-950,,,,,,,,,,,+570,+610,+610,,,,+610,,,,,,,,,,
2024-04-03,SF at LAD,SF,LAD,1.5,-1.5,-800,-750,-750,,,,-750,,,,,,,,,,,+520,+490,+490,,,,+490,,,,,,,,,,
2024-04-04,DET at NYM,DET,NYM,1.5,-1.5,-1400,-1050,-1050,,,,-1050,,,,,,,,,,,+760,+630,+630,,,,+630,,,,,,,,,,
2024-04-04,PIT at WSH,PIT,WSH,-1.5,1.5,+710,+730,+730,,,,+730,,,,,,,,,,,-1300,-1300,-1300,,,,-1300,,,,,,,,,,
2024-04-04,CLE at MIN,CLE,MIN,1.5,-1.5,-1250,-1200,-1200,,,,-1200,,,,,,,,,,,+710,+710,+710,,,,+710,,,,,,,,,,
2024-04-04,MIA at STL,MIA,STL,1.5,-1.5,-900,-1050,-1050,,,,-1050,,,,,,,,,,,+570,+630,+630,,,,+630,,,,,,,,,,
2024-04-04,DET at NYM,DET,NYM,1.5,-1.5,-1300,-1200,-1200,,,,-1200,,,,,,,,,,,+730,+680,+680,,,,+680,,,,,,,,,,
2024-04-04,CWS at KC,CWS,KC,1.5,-1.5,-950,-1050,-1050,,,,-1050,,,,,,,,,,,+590,+630,+630,,,,+630,,,,,,,,,,
2024-04-05,TOR at NYY,TOR,NYY,1.5,-1.5,-800,-800,-800,,,,-800,,,,,,,,,,,+520,+520,+520,,,,+520,,,,,,,,,,
2024-04-05,ATH at DET,ATH,DET,1.5,-1.5,-900,-1000,-1000,,,,-1000,,,,,,,,,,,+570,+610,+610,,,,+610,,,,,,,,,,
2024-04-05,LAD at CHC,LAD,CHC,-1.5,1.5,+630,+630,+630,,,,+630,,,,,,,,,,,-1050,-1050,-1050,,,,-1050,,,,,,,,,,
2024-04-05,TB at COL,TB,COL,-1.5,1.5,+440,+420,+420,,,,+420,,,,,,,,,,,-650,-600,-600,,,,-600,,,,,,,,,,
2024-04-05,BAL at PIT,BAL,PIT,-1.5,1.5,+680,+730,+730,,,,+730,,,,,,,,,,,-1200,-1300,-1300,,,,-1300,,,,,,,,,,
2024-04-05,SD at SF,SD,SF,-1.5,1.5,+790,+820,+820,,,,+820,,,,,,,,,,,-1500,-1600,-1600,,,,-1600,,,,,,,,,,
2024-04-05,NYM at CIN,NYM,CIN,1.5,-1.5,-1250,-1250,-1250,,,,-1250,,,,,,,,,,,+710,+710,+710,,,,+710,,,,,,,,,,
2024-04-05,PHI at WSH,PHI,WSH,-1.5,1.5,+540,+520,+520,,,,+520,,,,,,,,,,,-850,-800,-800,,,,-800,,,,,,,,,,
2024-04-05,ARI at ATL,ARI,ATL,1.5,-1.5,-620,-600,-600,,,,-600,,,,,,,,,,,+430,+420,+420,,,,+420,,,,,,,,,,
2024-04-05,CWS at KC,CWS,KC,1.5,-1.5,-950,-900,-900,,,,-900,,,,,,,,,,,+590,+570,+570,,,,+570,,,,,,,,,,
2024-04-05,HOU at TEX,HOU,TEX,-1.5,1.5,+590,+540,+540,,,,+540,,,,,,,,,,,-950,-850,-850,,,,-850,,,,,,,,,,
2024-04-05,SEA at MIL,SEA,MIL,1.5,-1.5,-1600,-1400,-1401,,,,-1400,,,,,,,,,,,+820,+760,+760,,,,+760,,,,,,,,,,
2024-04-05,BOS at LAA,BOS,LAA,1.5,-1.5,-1200,-1500,-1499,,,,-1500,,,,,,,,,,,+680,+790,+790,,,,+790,,,,,,,,,,
2024-04-06,ATH at DET,ATH,DET,1.5,-1.5,-1100,-1250,-1250,,,,-1250,,,,,,,,,,,+650,+710,+710,,,,+710,,,,,,,,,,
2024-04-06,CLE at MIN,CLE,MIN,1.5,-1.5,-1000,-950,-950,,,,-950,,,,,,,,,,,+610,+590,+590,,,,+590,,,,,,,,,,
2024-04-06,MIA at STL,MIA,STL,1.5,-1.5,-800,-1100,-1100,,,,-1100,,,,,,,,,,,+520,+650,+650,,,,+650,,,,,,,,,,
2024-04-06,LAD at CHC,LAD,CHC,-1.5,1.5,+570,+610,+610,,,,+610,,,,,,,,,,,-900,-1000,-1000,,,,-1000,,,,,,,,,,
2024-04-06,PHI at WSH,PHI,WSH,-1.5,1.5,+590,+540,+540,,,,+540,,,,,,,,,,,-950,-850,-850,,,,-850,,,,,,,,,,
2024-04-06,BAL at PIT,BAL,PIT,-1.5,1.5,+630,+630,+630,,,,+630,,,,,,,,,,,-1050,-1050,-1050,,,,-1050,,,,,,,,,,
2024-04-06,NYM at CIN,NYM,CIN,1.5,-1.5,-1200,-1050,-1050,,,,-1050,,,,,,,,,,,+680,+630,+630,,,,+630,,,,,,,,,,
2024-04-06,HOU at TEX,HOU,TEX,1.5,-1.5,-900,-800,-800,,,,-800,,,,,,,,,,,+570,+520,+520,,,,+520,,,,,,,,,,
2024-04-06,TOR at NYY,TOR,NYY,1.5,-1.5,-1200,-1400,-1401,,,,-1400,,,,,,,,,,,+680,+760,+760,,,,+760,,,,,,,,,,
2024-04-06,SEA at MIL,SEA,MIL,1.5,-1.5,-1200,-1050,-1050,,,,-1050,,,,,,,,,,,+680,+630,+630,,,,+630,,,,,,,,,,
2024-04-06,CWS at KC,CWS,KC,1.5,-1.5,-750,-700,-700,,,,-700,,,,,,,,,,,+490,+470,+470,,,,+470,,,,,,,,,,
2024-04-06,ARI at ATL,ARI,ATL,1.5,-1.5,-800,-750,-750,,,,-750,,,,,,,,,,,+520,+490,+490,,,,+490,,,,,,,,,,
2024-04-06,TB at COL,TB,COL,-1.5,1.5,+470,+540,+540,,,,+540,,,,,,,,,,,-700,-850,-850,,,,-850,,,,,,,,,,
2024-04-06,SD at SF,SD,SF,-1.5,1.5,+760,+820,+820,,,,+820,,,,,,,,,,,-1400,-1600,-1600,,,,-1600,,,,,,,,,,
2024-04-06,BOS at LAA,BOS,LAA,1.5,-1.5,-1200,-1500,-1499,,,,-1500,,,,,,,,,,,+680,+790,+790,,,,+790,,,,,,,,,,
2024-04-07,TOR at NYY,TOR,NYY,1.5,-1.5,-900,-850,-850,,,,-850,,,,,,,,,,,+570,+540,+540,,,,+540,,,,,,,,,,
2024-04-07,BAL at PIT,BAL,PIT,-1.5,1.5,+730,+760,+760,,,,+760,,,,,,,,,,,-1300,-1400,-1401,,,,-1400,,,,,,,,,,
2024-04-07,ARI at ATL,ARI,ATL,1.5,-1.5,-750,-650,-650,,,,-650,,,,,,,,,,,+490,+440,+440,,,,+440,,,,,,,,,,
2024-04-07,PHI at WSH,PHI,WSH,-1.5,1.5,+590,+710,+710,,,,+710,,,,,,,,,,,-950,-1250,-1250,,,,-1250,,,,,,,,,,
2024-04-07,NYM at CIN,NYM,CIN,-1.5,1.5,+710,+680,+680,,,,+680,,,,,,,,,,,-1250,-1200,-1200,,,,-1200,,,,,,,,,,
2024-04-07,ATH at DET,ATH,DET,1.5,-1.5,-1200,-1050,-1050,,,,-1050,,,,,,,,,,,+680,+630,+630,,,,+630,,,,,,,,,,
2024-04-07,SEA at MIL,SEA,MIL,1.5,-1.5,-1200,-1200,-1200,,,,-1200,,,,,,,,,,,+680,+680,+680,,,,+680,,,,,,,,,,
2024-04-07,CWS at KC,CWS,KC,-1.5,1.5,+710,+680,+680,,,,+680,,,,,,,,,,,-1250,-1200,-1200,,,,-1200,,,,,,,,,,
2024-04-07,MIA at STL,MIA,STL,1.5,-1.5,-1200,-1000,-1000,,,,-1000,,,,,,,,,,,+680,+610,+610,,,,+610,,,,,,,,,,
2024-04-07,LAD at CHC,LAD,CHC,-1.5,1.5,+790,+730,+730,,,,+730,,,,,,,,,,,-1600,-1300,-1300,,,,-1300,,,,,,,,,,
2024-04-07,TB at COL,TB,COL,-1.5,1.5,+440,+490,+490,,,,+490,,,,,,,,,,,-650,-750,-750,,,,-750,,,,,,,,,,
2024-04-07,SD at SF,SD,SF,1.5,-1.5,-1000,-900,-900,,,,-900,,,,,,,,,,,+610,+570,+570,,,,+570,,,,,,,,,,
2024-04-07,BOS at LAA,BOS,LAA,1.5,-1.5,-1100,-1250,-1250,,,,-1250,,,,,,,,,,,+650,+710,+710,,,,+710,,,,,,,,,,
2024-04-07,HOU at TEX,HOU,TEX,-1.5,1.5,+570,+630,+630,,,,+630,,,,,,,,,,,-900,-1050,-1050,,,,-1050,,,,,,,,,,
2024-04-08,CWS at CLE,CWS,CLE,1.5,-1.5,-600,-700,-700,,,,-700,,,,,,,,,,,+420,+470,+470,,,,+470,,,,,,,,,,
2024-04-08,MIA at NYY,MIA,NYY,1.5,-1.5,-800,-1100,-1100,,,,-1100,,,,,,,,,,,+520,+650,+650,,,,+650,,,,,,,,,,
2024-04-08,DET at PIT,DET,PIT,1.5,-1.5,-1300,-1600,-1600,,,,-1600,,,,,,,,,,,+730,+820,+820,,,,+820,,,,,,,,,,
2024-04-08,MIL at CIN,MIL,CIN,1.5,-1.5,-1100,-1050,-1050,,,,-1050,,,,,,,,,,,+650,+630,+630,,,,+630,,,,,,,,,,
2024-04-08,SEA at TOR,SEA,TOR,1.5,-1.5,-1250,-1400,-1401,,,,-1400,,,,,,,,,,,+710,+760,+760,,,,+760,,,,,,,,,,
2024-04-08,NYM at ATL,NYM,ATL,1.5,-1.5,-650,-620,-620,,,,-620,,,,,,,,,,,+440,+430,+430,,,,+430,,,,,,,,,,
2024-04-08,LAD at MIN,LAD,MIN,-1.5,1.5,+650,+650,+650,,,,+650,,,,,,,,,,,-1100,-1100,-1100,,,,-1100,,,,,,,,,,
2024-04-08,PHI at STL,PHI,STL,1.5,-1.5,-1050,-1200,-1200,,,,-1200,,,,,,,,,,,+630,+680,+680,,,,+680,,,,,,,,,,
2024-04-08,HOU at TEX,HOU,TEX,-1.5,1.5,+570,+730,+730,,,,+730,,,,,,,,,,,-900,-1300,-1300,,,,-1300,,,,,,,,,,
2024-04-08,ARI at COL,ARI,COL,-1.5,1.5,+490,+440,+440,,,,+440,,,,,,,,,,,-750,-650,-650,,,,-650,,,,,,,,,,
2024-04-08,TB at LAA,TB,LAA,-1.5,1.5,+760,+570,+570,,,,+570,,,,,,,,,,,-1400,-900,-900,,,,-900,,,,,,,,,,
2024-04-08,CHC at SD,CHC,SD,1.5,-1.5,-1000,-1100,-1100,,,,-1100,,,,,,,,,,,+610,+650,+650,,,,+650,,,,,,,,,,
2024-04-08,WSH at SF,WSH,SF,1.5,-1.5,-850,-800,-800,,,,-800,,,,,,,,,,,+540,+520,+520,,,,+520,,,,,,,,,,
