Date,Matchup,Away,Home,Line,Open_Over,Best Odds_Over,Consensus_Over,bet365_Over,DraftKings_Over,BetMGM_Over,FanDuel_Over,theScore Bet_Over,BetRivers_Over,SugarHouse_Over,PartyCasino_Over,Fliff_Over,Caesars_Over,PointsBet_Over,Hard Rock Bet_Over,ESPNBet_Over,Fanatics_Over,Open_Under,Best Odds_Under,Consensus_Under,bet365_Under,DraftKings_Under,BetMGM_Under,FanDuel_Under,theScore Bet_Under,BetRivers_Under,SugarHouse_Under,PartyCasino_Under,Fliff_Under,Caesars_Under,PointsBet_Under,Hard Rock Bet_Under,ESPNBet_Under,Fanatics_Under
2024-04-01,ATL at CWS,ATL,CWS,0.5,+205,-115,-115,,+195,-115,-125,,-134,-134,-115,,-120,,,,,-290,-270,-110,,-270,-110,-102,,-106,-106,-110,,-110,,,,
2024-04-01,COL at CHC,COL,CHC,0.5,+117,+116,+116,,+280,+105,+114,,+116,+116,+105,,+115,,,,,-148,-425,-146,,-425,-135,-146,,-143,-143,-135,,-145,,,,
2024-04-01,PIT at WSH,PIT,WSH,0.5,+220,-110,-110,,+225,-110,-113,,-112,-112,-110,,-115,,,,,-310,-320,-115,,-320,-115,-115,,-112,-112,-115,,-115,,,,
2024-04-01,KC at BAL,KC,BAL,0.5,+250,-105,-105,,+250,-105,-106,,-109,-114,-105,,-115,,,,,-360,-360,-120,,-360,-120,-120,,-114,-109,-120,,-115,,,,
2024-04-01,LAA at MIA,LAA,MIA,0.5,+235,-105,-105,,+220,-105,-122,,-114,-114,-105,,-120,,,,,-340,-310,-120,,-310,-120,-104,,-109,-109,-120,,-110,,,,
2024-04-01,CIN at PHI,CIN,PHI,0.5,+210,-110,+100,,+235,-110,+100,,-110,-110,-110,,-115,,,,,-295,-340,-128,,-340,-115,-128,,-113,-113,-115,,-115,,,,
2024-04-01,TEX at TB,TEX,TB,0.5,+225,-115,-115,,+220,-115,-120,,-117,-117,-115,,-115,,,,,-320,-310,-115,,-310,-110,-106,,-108,-108,-110,,-115,,,,
2024-04-01,DET at NYM,DET,NYM,0.5,+245,+112,+112,,+260,+100,+108,,+112,+112,+100,,+110,,,,,-350,-390,-141,,-390,-130,-138,,-141,-141,-130,,-140,,,,
2024-04-01,TOR at HOU,TOR,HOU,0.5,+210,-125,-125,,+210,-125,-130,,-137,-137,-125,,-125,,,,,-300,-290,-105,,-290,-105,+102,,+112,+112,-105,,-105,,,,
2024-04-01,CLE at SEA,CLE,SEA,0.5,-106,+100,-104,,,+100,-102,,-104,-104,+100,,-115,,,,,-117,-115,-121,,,-125,-125,,-121,-121,-125,,-115,,,,
2024-04-01,STL at SD,STL,SD,0.5,+230,+102,+102,,+225,-110,-120,,+102,-106,-110,,-105,,,,,-330,-320,-127,,-320,-120,-106,,-127,-118,-120,,-125,,,,
2024-04-01,BOS at ATH,BOS,ATH,0.5,+255,+100,+100,,+225,+100,-111,,-117,-117,+100,,-115,,,,,-370,-320,-125,,-320,-125,-115,,-106,-106,-125,,-115,,,,
2024-04-01,NYY at ARI,NYY,ARI,0.5,+160,-135,-130,,+170,-135,-146,,-137,-137,-135,,-130,,,,,-215,-235,+100,,-235,+105,+114,,+112,+112,+105,,+100,,,,
2024-04-01,SF at LAD,SF,LAD,0.5,-114,-110,-110,,+215,-110,-118,,-122,-122,-110,,,,,,,-109,-300,-115,,-300,-115,-108,,-103,-103,-115,,,,,,
2024-04-02,MIN at MIL,MIN,MIL,0.5,+210,+104,+104,,+215,-120,+100,,+104,+104,-120,,-115,,,,,-295,-300,-129,,-300,-105,-128,,-129,-129,-105,,-115,,,,
2024-04-02,KC at BAL,KC,BAL,0.5,+210,-105,-102,,+215,-110,-102,,-105,-105,-110,,-115,,,,,-290,-300,-125,,-300,-120,-125,,-120,-120,-120,,-115,,,,
2024-04-02,LAA at MIA,LAA,MIA,0.5,+250,-115,-110,,+205,-115,-115,,-115,-115,-115,,-110,,,,,-360,-285,-120,,-285,-110,-111,,-108,-108,-110,,-120,,,,
2024-04-02,CIN at PHI,CIN,PHI,0.5,+195,-105,-105,,+230,-105,-108,,-109,-109,-105,,-125,,,,,-270,-330,-120,,-330,-120,-118,,-114,-114,-120,,-105,,,,
2024-04-02,TEX at TB,TEX,TB,0.5,+225,-120,-110,,+200,-120,-115,,-125,-125,-120,,-110,,,,,-320,-275,-120,,-275,-110,-111,,+100,+100,-110,,-120,,,,
2024-04-02,COL at CHC,COL,CHC,0.5,+112,-110,-108,,+205,-110,-108,,-121,-121,-110,,-115,,,,,-139,-290,-120,,-290,-120,-118,,-103,-103,-120,,-115,,,,
2024-04-02,ATL at CWS,ATL,CWS,0.5,+210,-115,-115,,+210,-115,-115,,-127,-127,-115,,-120,,,,,-295,-295,-111,,-295,-110,-111,,+102,+102,-110,,-110,,,,
2024-04-02,TOR at HOU,TOR,HOU,0.5,+220,-108,-108,,+210,-110,-118,,-108,-108,-110,,-120,,,,,-310,-295,-115,,-295,-115,-108,,-115,-115,-115,,-110,,,,
2024-04-02,CLE at SEA,CLE,SEA,0.5,+280,+120,+130,,+320,+120,+116,,+108,+108,+120,,+130,,,,,-425,-500,-160,,-500,-150,-148,,-134,-134,-150,,-160,,,,
2024-04-02,BOS at ATH,BOS,ATH,0.5,+255,-104,-104,,+280,-110,-111,,-104,-104,-110,,-105,,,,,-370,-425,-127,,-425,-115,-115,,-127,-127,-115,,-125,,,,
2024-04-02,STL at SD,STL,SD,0.5,+240,-106,-106,,+275,-115,-106,,-106,-106,-115,,-110,,,,,-350,-400,-120,,-400,-110,-120,,-117,-117,-110,,-120,,,,
2024-04-02,NYY at ARI,NYY,ARI,0.5,+195,-115,-113,,+195,-115,-113,,-121,-121,-115,,-130,,,,,-275,-270,-113,,-270,-110,-113,,-104,-104,-110,,+100,,,,
2024-04-02,SF at LAD,SF,LAD,0.5,-115,-105,-105,,+235,-105,-108,,-121,-121,-105,,-110,,,,,-108,-340,-120,,-340,-120,-118,,-103,-103,-120,,-120,,,,
2024-04-03,KC at BAL,KC,BAL,0.5,+128,+112,+114,,+285,+110,+114,,+112,+112,+110,,+110,,,,,-164,-425,-146,,-425,-145,-146,,-139,-139,-145,,-140,,,,
2024-04-03,MIN at MIL,MIN,MIL,0.5,-106,-120,-104,,+200,-120,-104,,-121,-121,-120,,-120,,,,,-120,-280,-122,,-280,-110,-122,,-104,-104,-110,,-110,,,,
2024-04-03,LAA at MIA,LAA,MIA,0.5,-104,+100,-104,,,-115,-104,,+100,+100,-115,,-120,,,,,-122,-110,-122,,,-110,-122,,-124,-124,-110,,-110,,,,
2024-04-03,TEX at TB,TEX,TB,0.5,-108,-105,-102,,+250,-105,-102,,-105,-105,-105,,-110,,,,,-118,-360,-125,,-360,-120,-125,,-120,-120,-120,,-120,,,,
2024-04-03,BOS at ATH,BOS,ATH,0.5,-113,+100,+106,,+245,+100,+106,,+100,+100,+100,,-105,,,,,-113,-350,-136,,-350,-130,-136,,-124,-124,-130,,-125,,,,
2024-04-03,NYY at ARI,NYY,ARI,0.5,+100,-108,-115,,,-115,-113,,-108,-108,-115,,-125,,,,,-128,-105,-110,,,-110,-113,,-117,-117,-110,,-105,,,,
2024-04-03,CIN at PHI,CIN,PHI,0.5,+100,+110,+112,,+255,+110,+112,,+100,+100,+110,,-105,,,,,-128,-370,-142,,-370,-140,-142,,-125,-125,-140,,-125,,,,
2024-04-03,CLE at SEA,CLE,SEA,0.5,+116,+107,+120,,+270,+105,+110,,+107,+105,+105,,+120,,,,,-148,-400,-150,,-400,-135,-140,,-132,-134,-135,,-150,,,,
2024-04-03,STL at SD,STL,SD,0.5,+104,-104,-104,,+195,-120,-113,,-104,-104,-120,,-120,,,,,-132,-275,-121,,-275,-105,-113,,-121,-121,-105,,-110,,,,
2024-04-03,PIT at WSH,PIT,WSH,0.5,-113,-109,-109,,,-115,-104,,-109,-109,-115,,-110,,,,,-113,-120,-114,,,-110,-120,,-114,-114,-110,,-120,,,,
2024-04-03,COL at CHC,COL,CHC,0.5,+128,+110,+118,,+255,+110,+118,,+106,+106,+110,,-110,,,,,-159,-370,-150,,-370,-140,-150,,-132,-132,-140,,-120,,,,
2024-04-03,TOR at HOU,TOR,HOU,0.5,+215,-115,-115,,+205,-115,-128,,-129,-129,-115,,-120,,,,,-300,-290,-110,,-290,-110,+100,,+104,+104,-110,,-110,,,,
2024-04-03,SF at LAD,SF,LAD,0.5,+220,-110,-105,,+235,-110,-113,,-120,-120,-110,,-105,,,,,-320,-340,-125,,-340,-115,-113,,-104,-104,-115,,-125,,,,
2024-04-04,DET at NYM,DET,NYM,0.5,-105,+106,+100,,-105,+100,-106,,+106,+105,+100,,+100,,,,,-135,-120,-130,,-135,-130,-120,,-132,-130,-130,,-130,,,,
2024-04-04,PIT at WSH,PIT,WSH,0.5,+215,-105,-105,,+220,-115,-115,,-105,-105,-115,,-115,,,,,-300,-310,-118,,-310,-110,-111,,-118,-118,-110,,-115,,,,
2024-04-04,CLE at MIN,CLE,MIN,0.5,+255,+110,+110,,+275,+110,+106,,+110,+110,+110,,+100,,,,,-370,-400,-140,,-400,-140,-136,,-136,-136,-140,,-130,,,,
2024-04-04,MIA at STL,MIA,STL,0.5,+210,-106,-106,,+240,-110,-118,,-106,-106,-110,,-115,,,,,-295,-350,-117,,-350,-115,-108,,-117,-117,-115,,-115,,,,
2024-04-04,DET at NYM,DET,NYM,0.5,+275,+108,+100,,+100,+105,-115,,+108,+108,+105,,-105,,,,,-400,-111,-130,,-130,-135,-111,,-143,-143,-135,,-125,,,,
2024-04-04,CWS at KC,CWS,KC,0.5,+240,+100,+112,,+240,+100,+112,,-103,-103,+100,,-105,,,,,-350,-350,-142,,-350,-125,-142,,-121,-121,-125,,-125,,,,
2024-04-05,TOR at NYY,TOR,NYY,0.5,-128,-110,-110,,+205,-110,-122,,-122,-122,-110,,-115,,,,,+100,-290,-120,,-290,-120,-104,,-103,-103,-120,,-115,,,,
2024-04-05,ATH at DET,ATH,DET,0.5,+265,+115,+122,,+290,+110,+122,,+115,+115,+110,,+120,,,,,-390,-450,-156,,-450,-140,-156,,-143,-143,-140,,-150,,,,
2024-04-05,LAD at CHC,LAD,CHC,0.5,+105,+115,+102,,,+115,+102,,+102,+106,+115,,+115,,,,,-130,-130,-130,,,-150,-130,,-125,-130,-150,,-145,,,,
2024-04-05,TB at COL,TB,COL,0.5,+130,-165,-145,,+120,-165,-180,,+150,+150,-165,,-145,,,,,-175,-165,+115,,-165,+130,+140,,-200,-200,+130,,+115,,,,
2024-04-05,BAL at PIT,BAL,PIT,0.5,+235,+105,+105,,+245,+105,+102,,+102,+102,+105,,-105,,,,,-340,-350,-135,,-350,-135,-130,,-127,-127,-135,,-125,,,,
2024-04-05,SD at SF,SD,SF,0.5,+255,+112,+112,,+310,+100,+104,,+112,+112,+100,,+100,,,,,-370,-475,-139,,-475,-130,-132,,-139,-139,-130,,-130,,,,
2024-04-05,NYM at CIN,NYM,CIN,0.5,+200,-108,-106,,+230,-115,-106,,-108,-108,-115,,-125,,,,,-280,-330,-120,,-330,-110,-120,,-115,-115,-110,,-105,,,,
2024-04-05,PHI at WSH,PHI,WSH,0.5,+205,-108,-106,,+220,-110,-106,,-108,-108,-110,,-125,,,,,-285,-310,-120,,-310,-120,-120,,-115,-115,-120,,-105,,,,
2024-04-05,ARI at ATL,ARI,ATL,0.5,+205,-120,-120,,+190,-120,-128,,-122,-122,-120,,-125,,,,,-285,-265,-110,,-265,-110,+100,,-103,-103,-110,,-105,,,,
2024-04-05,CWS at KC,CWS,KC,0.5,+225,-106,-104,,+240,-110,-104,,-106,-106,-110,,-120,,,,,-320,-340,-122,,-340,-120,-122,,-118,-118,-120,,-110,,,,
2024-04-05,HOU at TEX,HOU,TEX,0.5,+195,-125,-125,,+170,-125,-142,,-137,-137,-125,,-125,,,,,-275,-230,-105,,-230,+100,+112,,+110,+110,+100,,-105,,,,
2024-04-05,SEA at MIL,SEA,MIL,0.5,+280,+110,+116,,+270,+110,+116,,+108,+108,+110,,+110,,,,,-425,-400,-148,,-400,-145,-148,,-136,-136,-145,,-140,,,,
2024-04-05,BOS at LAA,BOS,LAA,0.5,+220,-110,-108,,+215,-110,-108,,-115,-115,-110,,-115,,,,,-310,-310,-120,,-310,-120,-118,,-107,-107,-120,,-115,,,,
2024-04-06,ATH at DET,ATH,DET,0.5,+245,-105,+100,,+275,-105,+100,,-112,-112,-105,,-105,,,,,-350,-400,-128,,-400,-120,-128,,-112,-112,-120,,-125,,,,
2024-04-06,CLE at MIN,CLE,MIN,0.5,+215,+100,+106,,+250,+100,+106,,+100,+100,+100,,-120,,,,,-300,-360,-136,,-360,-125,-136,,-124,-124,-125,,-110,,,,
2024-04-06,MIA at STL,MIA,STL,0.5,+230,+107,+107,,+295,+100,+104,,+107,+107,+100,,-115,,,,,-320,-450,-132,,-450,-125,-132,,-132,-132,-125,,-115,,,,
2024-04-06,LAD at CHC,LAD,CHC,0.5,-108,+105,+105,,+250,+105,-104,,-104,-104,+105,,-110,,,,,-115,-370,-135,,-370,-135,-122,,-120,-120,-135,,-120,,,,
2024-04-06,PHI at WSH,PHI,WSH,0.5,+200,+100,+100,,+235,+100,-111,,-115,-115,+100,,-125,,,,,-275,-330,-125,,-330,-125,-115,,-108,-108,-125,,-105,,,,
2024-04-06,BAL at PIT,BAL,PIT,0.5,+225,-120,-110,,+195,-120,-111,,-120,-120,-120,,-110,,,,,-320,-270,-120,,-270,-110,-115,,-105,-105,-110,,-120,,,,
2024-04-06,NYM at CIN,NYM,CIN,0.5,+200,-122,-105,,+195,-125,-120,,-122,-122,-125,,-105,,,,,-280,-265,-125,,-265,+100,-106,,-103,-103,+100,,-125,,,,
2024-04-06,HOU at TEX,HOU,TEX,0.5,+180,-135,-135,,+155,-135,-156,,-143,-143,-135,,-135,,,,,-245,-215,+105,,-215,+105,+122,,+116,+116,+105,,+105,,,,
2024-04-06,TOR at NYY,TOR,NYY,0.5,+215,+120,+120,,+280,+120,+114,,+107,+107,+120,,-105,,,,,-300,-425,-150,,-425,-150,-146,,-132,-132,-150,,-125,,,,
2024-04-06,SEA at MIL,SEA,MIL,0.5,+230,-106,+104,,+210,-115,+104,,-106,-106,-115,,-120,,,,,-330,-295,-132,,-295,-110,-132,,-117,-117,-110,,-110,,,,
2024-04-06,CWS at KC,CWS,KC,0.5,+220,-120,-115,,+205,-120,-125,,-130,-130,-120,,-115,,,,,-310,-290,-115,,-290,-110,-102,,+104,+104,-110,,-115,,,,
2024-04-06,ARI at ATL,ARI,ATL,0.5,+185,-120,-120,,+215,-120,-125,,-130,-130,-120,,-130,,,,,-255,-310,-110,,-310,-110,-102,,+104,+104,-110,,+100,,,,
2024-04-06,TB at COL,TB,COL,0.5,-167,-148,-148,,+145,-155,-154,,-148,-148,-155,,,,,,,+135,-200,+118,,-200,+120,+120,,+118,+118,+120,,,,,,
2024-04-06,SD at SF,SD,SF,0.5,+235,+100,+108,,+300,+100,+108,,+100,+100,+100,,-110,,,,,-330,-450,-138,,-450,-125,-138,,-125,-125,-125,,-120,,,,
2024-04-06,BOS at LAA,BOS,LAA,0.5,+235,+110,+112,,+255,+110,+112,,-103,+106,+110,,-110,,,,,-330,-370,-142,,-370,-140,-142,,-139,-132,-140,,-120,,,,
2024-04-07,TOR at NYY,TOR,NYY,0.5,+220,+100,+100,,+240,+100,-115,,-120,-120,+100,,-120,,,,,-310,-340,-125,,-340,-125,-111,,-107,-107,-125,,-110,,,,
2024-04-07,BAL at PIT,BAL,PIT,0.5,+205,-110,-105,,+205,-110,-111,,-114,-114,-110,,-105,,,,,-290,-290,-125,,-290,-120,-115,,-109,-109,-120,,-125,,,,
2024-04-07,ARI at ATL,ARI,ATL,0.5,-128,-125,-125,,+200,-125,-128,,-143,-143,-125,,-130,,,,,+100,-280,+100,,-280,+100,+100,,+106,+106,+100,,+100,,,,
2024-04-07,PHI at WSH,PHI,WSH,0.5,-113,+110,+110,,+270,+110,+110,,+102,+102,+110,,-110,,,,,-113,-400,-140,,-400,-140,-140,,-127,-127,-140,,-120,,,,
2024-04-07,NYM at CIN,NYM,CIN,0.5,+200,-106,-106,,+225,-110,-113,,-106,-106,-110,,-120,,,,,-280,-320,-118,,-320,-115,-115,,-118,-118,-115,,-110,,,,
2024-04-07,ATH at DET,ATH,DET,0.5,+210,+100,+108,,+245,+100,+108,,-103,-103,+100,,-120,,,,,-300,-350,-138,,-350,-125,-138,,-122,-122,-125,,-110,,,,
2024-04-07,SEA at MIL,SEA,MIL,0.5,+210,-110,-110,,+215,-110,-115,,-121,-121,-110,,-120,,,,,-300,-300,-115,,-300,-115,-111,,-103,-103,-115,,-110,,,,
2024-04-07,CWS at KC,CWS,KC,0.5,-113,-105,+100,,+210,-110,-115,,-105,-105,-110,,+100,,,,,-113,-290,-130,,-290,-115,-111,,-118,-118,-115,,-130,,,,
2024-04-07,MIA at STL,MIA,STL,0.5,-106,-115,-115,,+195,-115,-120,,-129,-129,-115,,-115,,,,,-120,-270,-115,,-270,-110,-106,,+104,+104,-110,,-115,,,,
2024-04-07,LAD at CHC,LAD,CHC,0.5,-120,-105,-105,,+210,-105,-113,,-124,-124,-105,,-115,,,,,-104,-295,-120,,-295,-120,-113,,+100,+100,-120,,-115,,,,
2024-04-07,TB at COL,TB,COL,0.5,+140,-139,-132,,+150,-140,-132,,-139,-139,-140,,,,,,,-190,-205,+104,,-205,+110,+104,,+112,+112,+110,,,,,,
2024-04-07,SD at SF,SD,SF,0.5,+102,-105,-104,,+295,-105,-104,,-107,-107,-105,,-110,,,,,-130,-450,-122,,-450,-120,-122,,-117,-117,-120,,-120,,,,
2024-04-07,BOS at LAA,BOS,LAA,0.5,+225,-105,-104,,+215,-105,-104,,-108,-108,-105,,-120,,,,,-320,-310,-122,,-310,-120,-122,,-115,-115,-120,,-110,,,,
2024-04-07,HOU at TEX,HOU,TEX,0.5,+170,-150,-140,,+180,-150,-140,,-155,-155,-150,,-145,,,,,-235,-250,+110,,-250,+115,+110,,+123,+123,+115,,+115,,,,
2024-04-08,CWS at CLE,CWS,CLE,0.5,+102,+100,+100,,+235,+100,-104,,-110,-110,+100,,-110,,,,,-127,-340,-125,,-340,-125,-122,,-113,-113,-125,,-120,,,,
2024-04-08,MIA at NYY,MIA,NYY,0.5,+225,+100,+100,,+245,+100,+100,,-104,-104,+100,,-105,,,,,-320,-350,-128,,-350,-125,-128,,-122,-122,-125,,-125,,,,
2024-04-08,DET at PIT,DET,PIT,0.5,+205,+110,+114,,+280,+110,+114,,+102,+102,+110,,-105,,,,,-290,-425,-146,,-425,-145,-146,,-125,-125,-145,,-125,,,,
2024-04-08,MIL at CIN,MIL,CIN,0.5,+200,-120,-120,,+200,-120,-132,,-120,-120,-120,,-120,,,,,-275,-280,-110,,-280,-110,+104,,-104,-104,-110,,-110,,,,
2024-04-08,SEA at TOR,SEA,TOR,0.5,+245,+104,+105,,+275,+100,-102,,+104,+104,+100,,+105,,,,,-350,-400,-135,,-400,-130,-125,,-129,-129,-130,,-135,,,,
2024-04-08,NYM at ATL,NYM,ATL,0.5,+180,-137,-130,,+170,-140,-146,,-137,-137,-140,,-130,,,,,-245,-230,+100,,-230,+110,+114,,+112,+112,+110,,+100,,,,
2024-04-08,LAD at MIN,LAD,MIN,0.5,+215,-115,-115,,+220,-115,-115,,-122,-122,-120,,-115,,,,,-300,-310,-115,,-310,-110,-111,,+100,+100,-110,,-115,,,,
2024-04-08,PHI at STL,PHI,STL,0.5,+190,-120,-120,,+245,-120,-125,,-124,-124,-120,,-120,,,,,-265,-360,-110,,-360,-110,-102,,+100,+100,-110,,-110,,,,
2024-04-08,HOU at TEX,HOU,TEX,0.5,+195,-125,-125,,+220,-125,-136,,-150,-150,-125,,-135,,,,,-270,-320,+100,,-320,+100,+106,,+117,+117,+100,,+105,,,,
2024-04-08,ARI at COL,ARI,COL,0.5,+165,-134,-134,,+180,-135,-148,,-134,-134,-135,,-140,,,,,-230,-245,+105,,-245,+105,+116,,+108,+108,+105,,+110,,,,
2024-04-08,TB at LAA,TB,LAA,0.5,+245,-105,-105,,+230,-105,-106,,-112,-112,-105,,-110,,,,,-350,-330,-120,,-330,-120,-120,,-112,-112,-120,,-120,,,,
2024-04-08,CHC at SD,CHC,SD,0.5,+240,+100,+100,,+250,-105,-102,,+100,+100,-105,,-110,,,,,-340,-360,-125,,-360,-120,-125,,-122,-122,-120,,-120,,,,
2024-04-08,WSH at SF,WSH,SF,0.5,+240,+112,+112,,+255,+105,+100,,+112,+112,+105,,-105,,,,,-340,-370,-141,,-370,-135,-128,,-141,-141,-135,,-125,,,,
