Date,Player,Player_Page,Matchup,Team,Position,Line,Open_Over,Best Odds_Over,Consensus_Over,bet365_Over,DraftKings_Over,BetMGM_Over,FanDuel_Over,theScore Bet_Over,BetRivers_Over,SugarHouse_Over,PartyCasino_Over,Fliff_Over,Caesars_Over,PointsBet_Over,Hard Rock Bet_Over,ESPNBet_Over,Fanatics_Over,Open_Under,Best Odds_Under,Consensus_Under,bet365_Under,DraftKings_Under,BetMGM_Under,FanDuel_Under,theScore Bet_Under,BetRivers_Under,SugarHouse_Under,PartyCasino_Under,Fliff_Under,Caesars_Under,PointsBet_Under,Hard Rock Bet_Under,ESPNBet_Under,Fanatics_Under
2024-04-01,Chris Flexen,/mlb/props/chris-flexen/,ATL at CWS,FA,RP,3.5,-150,-150,+116,,-150,,,,,,,,+116,,,,,+115,-160,-160,,+115,,,,,,,,-160,,,,
2024-04-01,Charlie Morton,/mlb/props/charlie-morton/,ATL at CWS,FA,"SP,RP",1.5,-125,-123,-123,,-125,,,,,,,,-123,,,,,-105,-105,-111,,-105,,,,,,,,-111,,,,
2024-04-01,Dakota Hudson,/mlb/props/dakota-hudson/,COL at CHC,FA,SP,2.5,-120,+105,+100,,+105,,,,,,,,+100,,,,,-110,-135,-135,,-135,,,,,,,,-137,,,,
2024-04-01,Shota Imanaga,/mlb/props/shota-imanaga/,COL at CHC,CHC,SP,1.5,-131,-108,-110,,-110,,,,,,,,-108,,,,,-104,-120,-127,,-120,,,,,,,,-127,,,,
2024-04-01,MacKenzie Gore,/mlb/props/mackenzie-gore/,PIT at WSH,TEX,SP,1.5,-165,-150,-169,,-150,,,,,,,,-169,,,,,+125,+123,+115,,+115,,,,,,,,+123,,,,
2024-04-01,Marco Gonzales,/mlb/props/marco-gonzales/,PIT at WSH,TEX,SP,2.5,-120,-120,-123,,-120,,,,,,,,-123,,,,,-110,-110,-111,,-110,,,,,,,,-111,,,,
2024-04-01,Michael Wacha,/mlb/props/michael-wacha/,KC at BAL,KC,SP,2.5,+115,+110,+108,,+110,,,,,,,,+108,,,,,-150,-145,-148,,-145,,,,,,,,-148,,,,
2024-04-01,Dean Kremer,/mlb/props/dean-kremer/,KC at BAL,BAL,SP,1.5,-135,-135,-135,,-135,,,,,,,,-137,,,,,+105,+105,+100,,+105,,,,,,,,+100,,,,
2024-04-01,Max Meyer,/mlb/props/max-meyer/,LAA at MIA,MIA,SP,1.5,-165,-160,-160,,-160,,,,,,,,-166,,,,,+125,+120,+120,,+120,,,,,,,,+120,,,,
2024-04-01,Chase Silseth,/mlb/props/chase-silseth/,LAA at MIA,LAA,RP,2.5,-115,+110,+108,,+110,,,,,,,,+108,,,,,-115,-145,-148,,-145,,,,,,,,-148,,,,
2024-04-01,Cristopher Sanchez,/mlb/props/cristopher-sanchez/,CIN at PHI,PHI,SP,1.5,-140,-105,-117,,-105,,,,,,,,-117,,,,,+105,-117,-125,,-125,,,,,,,,-117,,,,
2024-04-01,Andrew Abbott,/mlb/props/andrew-abbott/,CIN at PHI,CIN,SP,2.5,-105,+125,+123,,+125,,,,,,,,+123,,,,,-130,-169,-169,,-170,,,,,,,,-169,,,,
2024-04-01,Dane Dunning,/mlb/props/dane-dunning/,TEX at TB,SEA,"SP,RP",2.5,-170,-170,-170,,-170,,,,,,,,+129,,,,,+130,-179,+130,,+130,,,,,,,,-179,,,,
2024-04-01,Ryan Pepiot,/mlb/props/ryan-pepiot/,TEX at TB,TB,SP,2.5,+115,+125,+106,,+125,,,,,,,,+106,,,,,-155,-145,-170,,-170,,,,,,,,-145,,,,
2024-04-01,Reese Olson,/mlb/props/reese-olson/,DET at NYM,DET,SP,1.5,-175,-150,-150,,-150,,,,,,,,-160,,,,,+130,+116,+115,,+115,,,,,,,,+116,,,,
2024-04-01,Sean Manaea,/mlb/props/sean-manaea/,DET at NYM,NYM,"SP,RP",2.5,+130,+120,+110,,+110,,,,,,,,+120,,,,,-170,-145,-145,,-145,,,,,,,,-166,,,,
2024-04-01,Ronel Blanco,/mlb/props/ronel-blanco/,TOR at HOU,HOU,SP,2.5,-110,+110,+106,,+110,,,,,,,,+106,,,,,-120,-145,-145,,-145,,,,,,,,-145,,,,
2024-04-01,Bowden Francis,/mlb/props/bowden-francis/,TOR at HOU,TOR,SP,2.5,-117,-117,-117,,,,,,,,,,-117,,,,,-117,-117,-117,,,,,,,,,,-117,,,,
2024-04-01,Triston McKenzie,/mlb/props/triston-mckenzie-p/,CLE at SEA,SD,"SP,RP",2.5,+105,+100,+100,,-105,,,,,,,,+100,,,,,-135,-125,-125,,-125,,,,,,,,-137,,,,
2024-04-01,Emerson Hancock,/mlb/props/emerson-hancock/,CLE at SEA,SEA,"SP,RP",2.5,-105,+100,-106,,+100,,,,,,,,-106,,,,,-125,-129,-130,,-130,,,,,,,,-129,,,,
2024-04-01,Kyle Gibson,/mlb/props/kyle-gibson/,STL at SD,FA,SP,2.5,+115,+100,+100,,+100,,,,,,,,+100,,,,,-155,-130,-137,,-130,,,,,,,,-137,,,,
2024-04-01,Matt Waldron,/mlb/props/matt-waldron/,STL at SD,SD,SP,2.5,-120,-119,-119,,-120,,,,,,,,-119,,,,,-110,-110,-110,,-110,,,,,,,,-115,,,,
2024-04-01,Tanner Houck,/mlb/props/tanner-houck/,BOS at ATH,BOS,SP,1.5,-140,-130,-130,,-130,,,,,,,,-139,,,,,+105,+102,+100,,+100,,,,,,,,+102,,,,
2024-04-01,Joe Boyle,/mlb/props/joe-boyle/,BOS at ATH,TB,"SP,RP",2.5,+110,+110,+108,,+110,,,,,,,,+108,,,,,-145,-145,-148,,-145,,,,,,,,-148,,,,
2024-04-01,Ryne Nelson,/mlb/props/ryne-nelson/,NYY at ARI,ARI,"SP,RP",2.5,-155,-140,-157,,-140,,,,,,,,-157,,,,,+120,+114,+110,,+110,,,,,,,,+114,,,,
2024-04-01,Luis Gil,/mlb/props/luis-gil/,NYY at ARI,NYY,SP,2.5,+115,+115,+106,,+115,,,,,,,,+106,,,,,-155,-145,-150,,-150,,,,,,,,-145,,,,
2024-04-01,Keaton Winn,/mlb/props/keaton-winn/,SF at LAD,SF,"SP,RP",2.5,-115,-121,-130,,-130,,,,,,,,-121,,,,,-115,+100,-113,,+100,,,,,,,,-113,,,,
2024-04-01,James Paxton,/mlb/props/james-paxton/,SF at LAD,FA,SP,1.5,-130,-135,-135,,-135,,,,,,,,-151,,,,,+100,+110,+105,,+105,,,,,,,,+110,,,,
2024-04-02,Louis Varland,/mlb/props/louie-varland/,MIN at MIL,TOR,RP,2.5,+105,+105,+100,,+105,,,,,,,,+100,,,,,-140,-137,-137,,-140,,,,,,,,-137,,,,
2024-04-02,Jakob Junis,/mlb/props/jake-junis/,MIN at MIL,TEX,RP,2.5,+100,+100,+100,,+100,,,,,,,,+100,,,,,-130,-130,-137,,-130,,,,,,,,-137,,,,
2024-04-02,Cole Irvin,/mlb/props/cole-irvin/,KC at BAL,LAD,"SP,RP",1.5,-170,-170,-174,,-170,,,,,,,,-174,,,,,+130,+130,+126,,+130,,,,,,,,+126,,,,
2024-04-02,Alec Marsh,/mlb/props/alec-marsh/,KC at BAL,KC,SP,2.5,+105,+108,+105,,+105,,,,,,,,+108,,,,,-140,-140,-148,,-140,,,,,,,,-148,,,,
2024-04-02,Tyler Anderson,/mlb/props/tyler-anderson/,LAA at MIA,FA,SP,2.5,-120,-113,-125,,-125,,,,,,,,-113,,,,,-110,-105,-121,,-105,,,,,,,,-121,,,,
2024-04-02,Jesus Luzardo,/mlb/props/jesus-luzardo/,LAA at MIA,PHI,SP,2.5,-180,-175,-175,,-175,,,,,,,,+118,,,,,+135,-163,-163,,+130,,,,,,,,-163,,,,
2024-04-02,Zach Eflin,/mlb/props/zach-eflin/,TEX at TB,BAL,SP,2.5,-115,+110,-111,,+110,,,,,,,,-111,,,,,-115,-123,-145,,-145,,,,,,,,-123,,,,
2024-04-02,Andrew Heaney,/mlb/props/andrew-heaney/,TEX at TB,FA,SP,2.5,+100,+100,-101,,+100,,,,,,,,-101,,,,,-130,-130,-130,,-130,,,,,,,,-135,,,,
2024-04-02,Javier Assad,/mlb/props/javier-assad/,COL at CHC,CHC,"SP,RP",1.5,-175,-145,-174,,-145,,,,,,,,-174,,,,,+130,+126,+110,,+110,,,,,,,,+126,,,,
2024-04-02,Kyle Freeland,/mlb/props/kyle-freeland/,COL at CHC,COL,SP,3.5,+120,-110,-110,,-110,,,,,,,,-115,,,,,-160,-119,-119,,-120,,,,,,,,-119,,,,
2024-04-02,Reynaldo Lopez,/mlb/props/reynaldo-lopez/,ATL at CWS,ATL,"SP,RP",1.5,-170,-174,-175,,-175,,,,,,,,-174,,,,,+130,+130,+126,,+130,,,,,,,,+126,,,,
2024-04-02,Garrett Crochet,/mlb/props/garrett-crochet-p/,ATL at CWS,BOS,SP,2.5,-150,-157,-160,,-160,,,,,,,,-157,,,,,+115,+120,+114,,+120,,,,,,,,+114,,,,
2024-04-02,Framber Valdez,/mlb/props/framber-valdez/,TOR at HOU,DET,SP,2.5,+125,+110,+108,,+110,,,,,,,,+108,,,,,-170,-148,-148,,-150,,,,,,,,-148,,,,
2024-04-02,Jose Berrios,/mlb/props/jose-berrios/,TOR at HOU,TOR,SP,2.5,-125,-127,-130,,-130,,,,,,,,-127,,,,,-105,-105,-108,,-105,,,,,,,,-108,,,,
2024-04-02,Luis Castillo,/mlb/props/luis-castillo/,CLE at SEA,SEA,SP,2.5,+130,+120,+115,,+115,,,,,,,,+120,,,,,-175,-155,-166,,-155,,,,,,,,-166,,,,
2024-04-02,Shane Bieber,/mlb/props/shane-bieber/,CLE at SEA,TOR,SP,2.5,+100,+115,+110,,+115,,,,,,,,+110,,,,,-135,-150,-151,,-150,,,,,,,,-151,,,,
2024-04-02,Brayan Bello,/mlb/props/brayan-bello/,BOS at ATH,BOS,SP,2.5,+120,+125,+116,,+125,,,,,,,,+116,,,,,-160,-160,-165,,-165,,,,,,,,-160,,,,
2024-04-02,Alex Wood,/mlb/props/alex-wood/,BOS at ATH,FA,"SP,RP",2.5,+110,+115,-103,,+115,,,,,,,,-103,,,,,-145,-133,-133,,-150,,,,,,,,-133,,,,
2024-04-02,Miles Mikolas,/mlb/props/miles-mikolas/,STL at SD,WSH,"SP,RP",2.5,-145,-137,-137,,-140,,,,,,,,-137,,,,,+110,+105,+100,,+105,,,,,,,,+100,,,,
2024-04-02,Yu Darvish,/mlb/props/yu-darvish/,STL at SD,SD,SP,2.5,+120,+120,+116,,+120,,,,,,,,+116,,,,,-160,-160,-160,,-160,,,,,,,,-160,,,,
2024-04-02,Zac Gallen,/mlb/props/zac-gallen/,NYY at ARI,ARI,SP,2.5,-120,-140,-148,,-140,,,,,,,,-148,,,,,-110,+108,+105,,+105,,,,,,,,+108,,,,
2024-04-02,Nestor Cortes Jr.,/mlb/props/nestor-cortes/,NYY at ARI,FA,SP,2.5,-120,-154,-155,,-155,,,,,,,,-154,,,,,-110,+115,+112,,+115,,,,,,,,+112,,,,
2024-04-02,Logan Webb,/mlb/props/logan-webb/,SF at LAD,SF,SP,2.5,-135,-135,-135,,-135,,,,,,,,-135,,,,,+105,+100,-101,,+100,,,,,,,,-101,,,,
2024-04-03,Cole Ragans,/mlb/props/cole-ragans/,KC at BAL,KC,SP,1.5,-155,-174,-175,,-175,,,,,,,,-174,,,,,+120,+130,+126,,+130,,,,,,,,+126,,,,
2024-04-03,Chris Paddack,/mlb/props/chris-paddack/,MIN at MIL,FA,"SP,RP",2.5,-105,-125,-125,,-125,,,,,,,,-127,,,,,-125,-105,-108,,-105,,,,,,,,-108,,,,
2024-04-03,Joe Ross,/mlb/props/joe-ross/,MIN at MIL,TEX,RP,2.5,-120,-110,-110,,-110,,,,,,,,-121,,,,,-110,-113,-120,,-120,,,,,,,,-113,,,,
2024-04-03,A.J. Puk,/mlb/props/aj-puk/,LAA at MIA,ARI,RP,2.5,+130,+126,+125,,+125,,,,,,,,+126,,,,,-175,-165,-174,,-165,,,,,,,,-174,,,,
2024-04-03,Patrick Sandoval,/mlb/props/patrick-sandoval/,LAA at MIA,BOS,SP,2.5,+100,+105,+102,,+105,,,,,,,,+102,,,,,-135,-139,-140,,-140,,,,,,,,-139,,,,
2024-04-03,Aaron Civale,/mlb/props/aaron-civale/,TEX at TB,ATH,"SP,RP",2.5,+100,+100,-104,,+100,,,,,,,,-104,,,,,-130,-130,-131,,-130,,,,,,,,-131,,,,
2024-04-03,Nathan Eovaldi,/mlb/props/nathan-eovaldi/,TEX at TB,TEX,SP,2.5,+100,+105,+100,,+105,,,,,,,,+100,,,,,-130,-135,-135,,-135,,,,,,,,-137,,,,
2024-04-03,Ross Stripling,/mlb/props/ross-stripling/,BOS at ATH,FA,"SP,RP",2.5,+110,+120,+116,,+120,,,,,,,,+116,,,,,-145,-160,-160,,-160,,,,,,,,-160,,,,
2024-04-03,Nick Pivetta,/mlb/props/nick-pivetta/,BOS at ATH,SD,SP,1.5,-130,-125,-129,,-125,,,,,,,,-129,,,,,-105,-105,-106,,-105,,,,,,,,-106,,,,
2024-04-03,Carlos Rodon,/mlb/props/carlos-rodon/,NYY at ARI,NYY,SP,2.5,-105,-110,-117,,-110,,,,,,,,-117,,,,,-125,-117,-117,,-120,,,,,,,,-117,,,,
2024-04-03,Merrill Kelly,/mlb/props/merrill-kelly/,NYY at ARI,ARI,SP,2.5,-120,-110,-119,,-110,,,,,,,,-119,,,,,-110,-115,-120,,-120,,,,,,,,-115,,,,
2024-04-03,Frankie Montas,/mlb/props/frankie-montas/,CIN at PHI,FA,SP,2.5,-145,-113,-145,,-145,,,,,,,,-113,,,,,+110,+110,-121,,+110,,,,,,,,-121,,,,
2024-04-03,Logan Allen,/mlb/props/logan-allen-p/,CLE at SEA,CLE,SP,2.5,-120,-110,-110,,-110,,,,,,,,-115,,,,,-110,-119,-119,,-120,,,,,,,,-119,,,,
2024-04-03,George Kirby,/mlb/props/george-kirby/,CLE at SEA,SEA,SP,2.5,+130,+135,+126,,+135,,,,,,,,+126,,,,,-175,-174,-180,,-180,,,,,,,,-174,,,,
2024-04-03,Joe Musgrove,/mlb/props/joe-musgrove/,STL at SD,SD,SP,1.5,-160,-166,-175,,-175,,,,,,,,-166,,,,,+120,+130,+120,,+130,,,,,,,,+120,,,,
2024-04-03,Zack Thompson,/mlb/props/zack-thompson-p/,STL at SD,STL,RP,2.5,-140,-139,-139,,-150,,,,,,,,-139,,,,,+105,+110,+102,,+110,,,,,,,,+102,,,,
2024-04-03,Trevor Williams,/mlb/props/trevor-williams/,PIT at WSH,WSH,SP,2.5,-160,-145,-154,,-145,,,,,,,,-154,,,,,+120,+112,+110,,+110,,,,,,,,+112,,,,
2024-04-03,Mitch Keller,/mlb/props/mitch-keller/,PIT at WSH,PIT,SP,2.5,-105,+100,-104,,+100,,,,,,,,-104,,,,,-125,-131,-135,,-135,,,,,,,,-131,,,,
2024-04-03,Cal Quantrill,/mlb/props/cal-quantrill/,COL at CHC,TEX,"SP,RP",2.5,-130,-150,-150,,-150,,,,,,,,-157,,,,,+100,+114,+110,,+110,,,,,,,,+114,,,,
2024-04-03,Cristian Javier,/mlb/props/cristian-javier/,TOR at HOU,HOU,SP,2.5,-105,+105,-106,,+105,,,,,,,,-106,,,,,-125,-129,-140,,-140,,,,,,,,-129,,,,
2024-04-03,Chris Bassitt,/mlb/props/chris-bassitt/,TOR at HOU,BAL,SP,2.5,-145,-154,-155,,-155,,,,,,,,-154,,,,,+110,+115,+112,,+115,,,,,,,,+112,,,,
2024-04-03,Tyler Glasnow,/mlb/props/tyler-glasnow/,SF at LAD,LAD,SP,1.5,-105,-105,-111,,-105,,,,,,,,-111,,,,,-125,-123,-123,,-125,,,,,,,,-123,,,,
2024-04-03,Kyle Harrison,/mlb/props/kyle-harrison/,SF at LAD,MIL,"SP,RP",2.5,-160,-160,-165,,-165,,,,,,,,-160,,,,,+120,+125,+116,,+125,,,,,,,,+116,,,,
2024-04-04,Casey Mize,/mlb/props/casey-mize/,DET at NYM,DET,SP,2.5,-135,-125,-125,,-125,,,,,,,,,,,,,+105,-105,-105,,-105,,,,,,,,,,,,
2024-04-04,Adrian Houser,/mlb/props/adrian-houser/,DET at NYM,SF,SP,2.5,+100,+110,+110,,+110,,,,,,,,,,,,,-130,-145,-145,,-145,,,,,,,,,,,,
2024-04-04,Josiah Gray,/mlb/props/josiah-gray/,PIT at WSH,WSH,SP,2.5,-125,-123,-130,,-130,,,,,,,,-123,,,,,-105,-105,-111,,-105,,,,,,,,-111,,,,
2024-04-04,Martin Perez,/mlb/props/martin-perez/,PIT at WSH,ATL,SP,2.5,-120,-109,-110,,-110,,,,,,,,-109,,,,,-110,-120,-125,,-120,,,,,,,,-125,,,,
2024-04-04,Tanner Bibee,/mlb/props/tanner-bibee/,CLE at MIN,CLE,SP,2.5,-110,+114,+105,,+105,,,,,,,,+114,,,,,-120,-140,-157,,-140,,,,,,,,-157,,,,
2024-04-04,Pablo Lopez,/mlb/props/pablo-lopez/,CLE at MIN,MIN,SP,1.5,-155,-148,-155,,-155,,,,,,,,-148,,,,,+115,+120,+108,,+120,,,,,,,,+108,,,,
2024-04-04,Ryan Weathers,/mlb/props/ryan-weathers/,MIA at STL,NYY,SP,2.5,+100,-101,-105,,-105,,,,,,,,-101,,,,,-130,-125,-135,,-125,,,,,,,,-135,,,,
2024-04-04,Lance Lynn,/mlb/props/lance-lynn/,MIA at STL,FA,SP,2.5,+115,+120,+108,,+120,,,,,,,,+108,,,,,-155,-148,-148,,-165,,,,,,,,-148,,,,
2024-04-04,Jose Butto,/mlb/props/jose-butto/,DET at NYM,SF,"SP,RP",2.5,-106,-115,-115,,-115,,,,,,,,-115,,,,,-129,-115,-115,,-115,,,,,,,,-119,,,,
2024-04-04,Matt Manning,/mlb/props/matt-manning/,DET at NYM,FA,SP,2.5,-125,-120,-125,,-120,,,,,,,,-125,,,,,-109,-109,-110,,-110,,,,,,,,-109,,,,
2024-04-04,Seth Lugo,/mlb/props/seth-lugo/,CWS at KC,KC,SP,2.5,+135,+116,+115,,+115,,,,,,,,+116,,,,,-180,-150,-150,,-150,,,,,,,,-160,,,,
2024-04-04,Michael Soroka,/mlb/props/mike-soroka/,CWS at KC,ARI,"SP,RP",2.5,-130,-140,-148,,-140,,,,,,,,-148,,,,,+100,+108,+105,,+105,,,,,,,,+108,,,,
2024-04-05,Marcus Stroman,/mlb/props/marcus-stroman/,TOR at NYY,FA,SP,1.5,-160,-169,-169,,-170,,,,,,,,-169,,,,,+120,+130,+123,,+130,,,,,,,,+123,,,,
2024-04-05,Yusei Kikuchi,/mlb/props/yusei-kikuchi/,TOR at NYY,LAA,SP,2.5,+100,+100,-101,,+100,,,,,,,,-101,,,,,-130,-130,-130,,-130,,,,,,,,-135,,,,
2024-04-05,Tarik Skubal,/mlb/props/tarik-skubal/,ATH at DET,DET,SP,1.5,+110,+106,+105,,+105,,,,,,,,+106,,,,,-145,-140,-145,,-140,,,,,,,,-145,,,,
2024-04-05,JP Sears,/mlb/props/jp-sears/,ATH at DET,SD,SP,2.5,-120,-135,-135,,-135,,,,,,,,-137,,,,,-110,+100,+100,,+100,,,,,,,,+100,,,,
2024-04-05,Bobby Miller,/mlb/props/bobby-miller/,LAD at CHC,LAD,SP,1.5,-140,-140,-148,,-140,,,,,,,,-148,,,,,+105,+108,+105,,+105,,,,,,,,+108,,,,
2024-04-05,Kyle Hendricks,/mlb/props/kyle-hendricks/,LAD at CHC,FA,"SP,RP",2.5,-110,-125,-125,,-125,,,,,,,,-125,,,,,-120,-109,-110,,-110,,,,,,,,-109,,,,
2024-04-05,Austin Gomber,/mlb/props/austin-gomber/,TB at COL,ATL,SP,3.5,-155,-160,-160,,-160,,,,,,,,-160,,,,,+115,+120,+116,,+120,,,,,,,,+116,,,,
2024-04-05,Zack Littell,/mlb/props/zack-littell/,TB at COL,WSH,"SP,RP",3.5,-115,-117,-117,,-120,,,,,,,,-117,,,,,-115,-110,-117,,-110,,,,,,,,-117,,,,
2024-04-05,Grayson Rodriguez,/mlb/props/grayson-rodriguez/,BAL at PIT,LAA,SP,1.5,-150,-145,-157,,-145,,,,,,,,-157,,,,,+115,+114,+110,,+110,,,,,,,,+114,,,,
2024-04-05,Jared Jones,/mlb/props/jared-jones/,BAL at PIT,PIT,SP,2.5,+110,+100,-119,,+100,,,,,,,,-119,,,,,-145,-115,-135,,-135,,,,,,,,-115,,,,
2024-04-05,Jordan Hicks,/mlb/props/jordan-hicks/,SD at SF,CWS,"SP,RP",1.5,-160,-155,-155,,-155,,,,,,,,-163,,,,,+120,+118,+115,,+115,,,,,,,,+118,,,,
2024-04-05,Dylan Cease,/mlb/props/dylan-cease/,SD at SF,TOR,SP,1.5,+135,-179,+135,,+135,,,,,,,,-179,,,,,-180,-180,-180,,-180,,,,,,,,+129,,,,
2024-04-05,Jose Quintana,/mlb/props/jose-quintana/,NYM at CIN,COL,SP,2.5,+105,-115,-115,,-115,,,,,,,,-117,,,,,-135,-115,-115,,-115,,,,,,,,-117,,,,
2024-04-05,Hunter Greene,/mlb/props/hunter-greene/,NYM at CIN,CIN,SP,2.5,-105,+100,+100,,+100,,,,,,,,-109,,,,,-125,-125,-125,,-130,,,,,,,,-125,,,,
2024-04-05,Patrick Corbin,/mlb/props/patrick-corbin/,PHI at WSH,TOR,SP,2.5,-145,-145,-148,,-145,,,,,,,,-148,,,,,+110,+110,+108,,+110,,,,,,,,+108,,,,
2024-04-05,Aaron Nola,/mlb/props/aaron-nola/,PHI at WSH,PHI,SP,1.5,-155,-154,-155,,-155,,,,,,,,-154,,,,,+115,+115,+112,,+115,,,,,,,,+112,,,,
2024-04-05,Tommy Henry,/mlb/props/tommy-henry/,ARI at ATL,ARI,RP,3.5,+100,-105,-115,,-105,,,,,,,,-115,,,,,-130,-119,-125,,-125,,,,,,,,-119,,,,
2024-04-05,Spencer Strider,/mlb/props/spencer-strider/,ARI at ATL,ATL,SP,1.5,-140,-142,-145,,-145,,,,,,,,-142,,,,,+105,+110,+104,,+110,,,,,,,,+104,,,,
2024-04-05,Brady Singer,/mlb/props/brady-singer/,CWS at KC,CIN,SP,2.5,+125,+130,+126,,+130,,,,,,,,+126,,,,,-165,-174,-175,,-175,,,,,,,,-174,,,,
2024-04-05,Erick Fedde,/mlb/props/erick-fedde/,CWS at KC,CWS,"SP,RP",2.5,-150,-150,-151,,-150,,,,,,,,-151,,,,,+110,+115,+110,,+115,,,,,,,,+110,,,,
2024-04-05,Cody Bradford,/mlb/props/cody-bradford/,HOU at TEX,TEX,SP,2.5,-130,-150,-150,,-150,,,,,,,,-154,,,,,+100,+115,+112,,+115,,,,,,,,+112,,,,
2024-04-05,Hunter Brown,/mlb/props/hunter-brown/,HOU at TEX,HOU,SP,2.5,-120,-150,-166,,-150,,,,,,,,-166,,,,,-110,+120,+115,,+115,,,,,,,,+120,,,,
2024-04-05,Freddy Peralta,/mlb/props/freddy-peralta/,SEA at MIL,NYM,SP,1.5,-135,-145,-145,,-145,,,,,,,,-145,,,,,+105,+110,+106,,+110,,,,,,,,+106,,,,
2024-04-05,Logan Gilbert,/mlb/props/logan-gilbert/,SEA at MIL,SEA,SP,2.5,+100,-104,-105,,-105,,,,,,,,-104,,,,,-130,-125,-131,,-125,,,,,,,,-131,,,,
2024-04-05,Griffin Canning,/mlb/props/griffin-canning/,BOS at LAA,SD,SP,2.5,+115,+110,+104,,+110,,,,,,,,+104,,,,,-155,-142,-145,,-145,,,,,,,,-142,,,,
2024-04-05,Kutter Crawford,/mlb/props/kutter-crawford/,BOS at LAA,BOS,SP,2.5,+100,-110,-111,,-110,,,,,,,,-111,,,,,-130,-120,-123,,-120,,,,,,,,-123,,,,
2024-04-06,Paul Blackburn,/mlb/props/paul-blackburn/,ATH at DET,NYY,"SP,RP",2.5,+105,+105,-101,,+105,,,,,,,,-101,,,,,-140,-135,-140,,-140,,,,,,,,-135,,,,
2024-04-06,Kenta Maeda,/mlb/props/kenta-maeda/,ATH at DET,FA,"SP,RP",2.5,+125,+123,+120,,+120,,,,,,,,+123,,,,,-165,-160,-169,,-160,,,,,,,,-169,,,,
2024-04-06,Joe Ryan,/mlb/props/joe-ryan/,CLE at MIN,MIN,SP,2.5,+130,+130,+118,,+130,,,,,,,,+118,,,,,-175,-163,-163,,-175,,,,,,,,-163,,,,
2024-04-06,Carlos Carrasco,/mlb/props/carlos-carrasco/,CLE at MIN,ATL,"SP,RP",2.5,-135,-135,-135,,-135,,,,,,,,-137,,,,,+105,+105,+100,,+105,,,,,,,,+100,,,,
2024-04-06,Steven Matz,/mlb/props/steven-matz/,MIA at STL,TB,"SP,RP",1.5,-160,-160,-165,,-165,,,,,,,,-160,,,,,+120,+120,+116,,+120,,,,,,,,+116,,,,
2024-04-06,Trevor Rogers,/mlb/props/trevor-rogers/,MIA at STL,BAL,SP,1.5,+125,-174,-174,,+120,,,,,,,,-174,,,,,-165,-155,-155,,-155,,,,,,,,+126,,,,
2024-04-06,Yoshinobu Yamamoto,/mlb/props/yoshinobu-yamamoto/,LAD at CHC,LAD,SP,2.5,+130,+125,+118,,+125,,,,,,,,+118,,,,,-175,-163,-163,,-165,,,,,,,,-163,,,,
2024-04-06,Jordan Wicks,/mlb/props/jordan-wicks/,LAD at CHC,CHC,"SP,RP",2.5,-135,-105,-106,,-105,,,,,,,,-106,,,,,+100,-125,-129,,-125,,,,,,,,-129,,,,
2024-04-06,Ranger Suarez,/mlb/props/ranger-suarez/,PHI at WSH,BOS,SP,1.5,-160,-174,-175,,-175,,,,,,,,-174,,,,,+120,+130,+126,,+130,,,,,,,,+126,,,,
2024-04-06,Jake Irvin,/mlb/props/jake-irvin/,PHI at WSH,WSH,SP,3.5,-150,-165,+120,,-165,,,,,,,,+120,,,,,+110,-166,+125,,+125,,,,,,,,-166,,,,
2024-04-06,Bailey Falter,/mlb/props/bailey-falter/,BAL at PIT,KC,SP,2.5,+105,+105,-115,,+105,,,,,,,,-115,,,,,-140,-119,-140,,-140,,,,,,,,-119,,,,
2024-04-06,Tyler Wells,/mlb/props/tyler-wells/,BAL at PIT,BAL,"SP,RP",1.5,-160,-160,-199,,-160,,,,,,,,-199,,,,,+120,+143,+120,,+120,,,,,,,,+143,,,,
2024-04-06,Luis Severino,/mlb/props/luis-severino/,NYM at CIN,ATH,SP,2.5,-135,-160,-163,,-160,,,,,,,,-163,,,,,+100,+120,+118,,+120,,,,,,,,+118,,,,
2024-04-06,Nick Martinez,/mlb/props/nick-martinez/,NYM at CIN,TB,"SP,RP",2.5,+100,+104,+100,,+100,,,,,,,,+104,,,,,-135,-135,-135,,-135,,,,,,,,-142,,,,
2024-04-06,J.P. France,/mlb/props/jp-france/,HOU at TEX,HOU,"SP,RP",3.5,+110,+105,+100,,+105,,,,,,,,+100,,,,,-145,-137,-137,,-140,,,,,,,,-137,,,,
2024-04-06,Jon Gray,/mlb/props/jonathan-gray/,HOU at TEX,FA,RP,2.5,-115,-115,-115,,-115,,,,,,,,-119,,,,,-115,-115,-115,,-115,,,,,,,,-115,,,,
2024-04-06,Clarke Schmidt,/mlb/props/clarke-schmidt/,TOR at NYY,NYY,SP,1.5,-150,-165,-174,,-165,,,,,,,,-174,,,,,+115,+126,+125,,+125,,,,,,,,+126,,,,
2024-04-06,Kevin Gausman,/mlb/props/kevin-gausman/,TOR at NYY,TOR,SP,1.5,-170,-163,-163,,-175,,,,,,,,-163,,,,,+125,+130,+118,,+130,,,,,,,,+118,,,,
2024-04-06,Bryce Miller,/mlb/props/bryce-miller/,SEA at MIL,SEA,SP,2.5,-105,-113,-120,,-120,,,,,,,,-113,,,,,-125,-110,-110,,-110,,,,,,,,-121,,,,
2024-04-06,DL Hall,/mlb/props/dl-hall/,SEA at MIL,MIL,"SP,RP",2.5,+135,+125,+118,,+125,,,,,,,,+118,,,,,-175,-163,-170,,-170,,,,,,,,-163,,,,
2024-04-06,Michael Wacha,/mlb/props/michael-wacha/,CWS at KC,KC,SP,2.5,-180,-155,-155,,-155,,,,,,,,+120,,,,,+135,-166,+115,,+115,,,,,,,,-166,,,,
2024-04-06,Chris Flexen,/mlb/props/chris-flexen/,CWS at KC,FA,RP,3.5,-105,+100,+100,,+100,,,,,,,,-109,,,,,-130,-125,-135,,-135,,,,,,,,-125,,,,
2024-04-06,Brandon Pfaadt,/mlb/props/brandon-pfaadt/,ARI at ATL,ARI,"SP,RP",2.5,-145,-145,-148,,-145,,,,,,,,-148,,,,,+110,+110,+108,,+110,,,,,,,,+108,,,,
2024-04-06,Max Fried,/mlb/props/max-fried/,ARI at ATL,NYY,SP,1.5,-150,-174,-175,,-175,,,,,,,,-174,,,,,+115,+130,+126,,+130,,,,,,,,+126,,,,
2024-04-06,Ryan Feltner,/mlb/props/ryan-feltner/,TB at COL,COL,SP,3.5,+120,+102,+100,,+100,,,,,,,,+102,,,,,-166,-135,-139,,-135,,,,,,,,-139,,,,
2024-04-06,Tyler Alexander,/mlb/props/tyler-alexander/,TB at COL,TEX,"SP,RP",3.5,+102,+105,+104,,+105,,,,,,,,+104,,,,,-139,-140,-140,,-140,,,,,,,,-142,,,,
2024-04-06,Michael King,/mlb/props/michael-king/,SD at SF,SD,SP,2.5,+100,+100,-103,,+100,,,,,,,,-103,,,,,-135,-133,-135,,-135,,,,,,,,-133,,,,
2024-04-06,Keaton Winn,/mlb/props/keaton-winn/,SD at SF,SF,"SP,RP",2.5,+135,+125,+120,,+125,,,,,,,,+120,,,,,-180,-165,-166,,-165,,,,,,,,-166,,,,
2024-04-06,Garrett Whitlock,/mlb/props/garrett-whitlock/,BOS at LAA,BOS,RP,2.5,+120,+130,+118,,+130,,,,,,,,+118,,,,,-165,-163,-163,,-175,,,,,,,,-163,,,,
2024-04-06,Reid Detmers,/mlb/props/reid-detmers/,BOS at LAA,LAA,"SP,RP",2.5,+110,+100,-103,,+100,,,,,,,,-103,,,,,-145,-133,-135,,-135,,,,,,,,-133,,,,
2024-04-07,Bowden Francis,/mlb/props/bowden-francis/,TOR at NYY,TOR,SP,2.5,-105,-109,-110,,-110,,,,,,,,-109,,,,,-130,-120,-125,,-120,,,,,,,,-125,,,,
2024-04-07,Luis Gil,/mlb/props/luis-gil/,TOR at NYY,NYY,SP,1.5,-120,-179,-179,,-180,,,,,,,,-179,,,,,-110,+135,+129,,+135,,,,,,,,+129,,,,
2024-04-07,Marco Gonzales,/mlb/props/marco-gonzales/,BAL at PIT,TEX,SP,2.5,-125,-139,-140,,-140,,,,,,,,-139,,,,,-105,+105,+102,,+105,,,,,,,,+102,,,,
2024-04-07,Dean Kremer,/mlb/props/dean-kremer/,BAL at PIT,BAL,SP,2.5,+125,+115,+114,,+115,,,,,,,,+114,,,,,-170,-150,-150,,-150,,,,,,,,-157,,,,
2024-04-07,Chris Sale,/mlb/props/chris-sale/,ARI at ATL,ATL,SP,1.5,-170,-170,-174,,-170,,,,,,,,-174,,,,,+130,+130,+126,,+130,,,,,,,,+126,,,,
2024-04-07,Ryne Nelson,/mlb/props/ryne-nelson/,ARI at ATL,ARI,"SP,RP",3.5,+110,+105,+102,,+105,,,,,,,,+102,,,,,-145,-139,-140,,-140,,,,,,,,-139,,,,
2024-04-07,MacKenzie Gore,/mlb/props/mackenzie-gore/,PHI at WSH,TEX,SP,2.5,-115,-139,-140,,-140,,,,,,,,-139,,,,,-115,+105,+102,,+105,,,,,,,,+102,,,,
2024-04-07,Cristopher Sanchez,/mlb/props/cristopher-sanchez/,PHI at WSH,PHI,SP,1.5,-150,-148,-155,,-155,,,,,,,,-148,,,,,+110,+115,+108,,+115,,,,,,,,+108,,,,
2024-04-07,Sean Manaea,/mlb/props/sean-manaea/,NYM at CIN,NYM,"SP,RP",2.5,-105,-110,-111,,-110,,,,,,,,-111,,,,,-125,-120,-123,,-120,,,,,,,,-123,,,,
2024-04-07,Andrew Abbott,/mlb/props/andrew-abbott/,NYM at CIN,CIN,SP,2.5,-115,-105,-105,,-105,,,,,,,,-113,,,,,-115,-121,-125,,-125,,,,,,,,-121,,,,
2024-04-07,Jack Flaherty,/mlb/props/jack-flaherty/,ATH at DET,DET,SP,1.5,-155,-154,-155,,-155,,,,,,,,-154,,,,,+120,+115,+112,,+115,,,,,,,,+112,,,,
2024-04-07,Joe Boyle,/mlb/props/joe-boyle/,ATH at DET,TB,"SP,RP",2.5,-125,-123,-123,,-125,,,,,,,,-123,,,,,-105,-105,-111,,-105,,,,,,,,-111,,,,
2024-04-07,Colin Rea,/mlb/props/colin-rea/,SEA at MIL,CHC,"SP,RP",2.5,-120,+100,-103,,+100,,,,,,,,-103,,,,,-110,-130,-130,,-130,,,,,,,,-133,,,,
2024-04-07,Emerson Hancock,/mlb/props/emerson-hancock/,SEA at MIL,SEA,"SP,RP",2.5,-115,+100,-101,,+100,,,,,,,,-101,,,,,-115,-130,-130,,-130,,,,,,,,-135,,,,
2024-04-07,Alec Marsh,/mlb/props/alec-marsh/,CWS at KC,KC,SP,2.5,-110,-135,-135,,-135,,,,,,,,-137,,,,,-125,+105,+100,,+105,,,,,,,,+100,,,,
2024-04-07,Garrett Crochet,/mlb/props/garrett-crochet-p/,CWS at KC,BOS,SP,2.5,-115,-125,-129,,-125,,,,,,,,-129,,,,,-115,-105,-106,,-105,,,,,,,,-106,,,,
2024-04-07,Kyle Gibson,/mlb/props/kyle-gibson/,MIA at STL,FA,SP,3.5,-135,-135,-135,,-135,,,,,,,,+110,,,,,+100,-151,+100,,+100,,,,,,,,-151,,,,
2024-04-07,Max Meyer,/mlb/props/max-meyer/,MIA at STL,MIA,SP,2.5,-150,-140,-140,,-140,,,,,,,,-142,,,,,+110,+105,+104,,+105,,,,,,,,+104,,,,
2024-04-07,Shota Imanaga,/mlb/props/shota-imanaga/,LAD at CHC,CHC,SP,2.5,+100,-104,-105,,-105,,,,,,,,-104,,,,,-130,-130,-131,,-130,,,,,,,,-131,,,,
2024-04-07,Gavin Stone,/mlb/props/gavin-stone/,LAD at CHC,LAD,SP,2.5,+110,+110,+108,,+110,,,,,,,,+108,,,,,-145,-145,-148,,-145,,,,,,,,-148,,,,
2024-04-07,Dakota Hudson,/mlb/props/dakota-hudson/,TB at COL,FA,SP,3.5,+115,+110,+108,,+110,,,,,,,,+108,,,,,-150,-145,-148,,-145,,,,,,,,-148,,,,
2024-04-07,Ryan Pepiot,/mlb/props/ryan-pepiot/,TB at COL,TB,SP,2.5,+120,-166,+125,,+125,,,,,,,,-166,,,,,-160,-165,+120,,-165,,,,,,,,+120,,,,
2024-04-07,Logan Webb,/mlb/props/logan-webb/,SD at SF,SF,SP,2.5,+110,+110,+108,,+110,,,,,,,,+108,,,,,-145,-148,-148,,-150,,,,,,,,-148,,,,
2024-04-07,Matt Waldron,/mlb/props/matt-waldron/,SD at SF,SD,SP,2.5,-160,-155,-155,,-155,,,,,,,,-163,,,,,+120,+118,+115,,+115,,,,,,,,+118,,,,
2024-04-07,Chase Silseth,/mlb/props/chase-silseth/,BOS at LAA,LAA,RP,2.5,+100,+100,+100,,+100,,,,,,,,-109,,,,,-130,-125,-125,,-130,,,,,,,,-125,,,,
2024-04-07,Tanner Houck,/mlb/props/tanner-houck/,BOS at LAA,BOS,SP,2.5,+115,+120,+110,,+120,,,,,,,,+110,,,,,-150,-151,-151,,-160,,,,,,,,-151,,,,
2024-04-07,Ronel Blanco,/mlb/props/ronel-blanco/,HOU at TEX,HOU,SP,3.5,-105,-110,-117,,-110,,,,,,,,-117,,,,,-130,-117,-117,,-120,,,,,,,,-117,,,,
2024-04-07,Dane Dunning,/mlb/props/dane-dunning/,HOU at TEX,SEA,"SP,RP",2.5,-125,-139,-140,,-140,,,,,,,,-139,,,,,-110,+105,+102,,+105,,,,,,,,+102,,,,
2024-04-08,Triston McKenzie,/mlb/props/triston-mckenzie-p/,CWS at CLE,SD,"SP,RP",1.5,-135,-160,-160,,-160,,,,,,,,-166,,,,,+100,+120,+120,,+120,,,,,,,,+120,,,,
2024-04-08,Jesus Luzardo,/mlb/props/jesus-luzardo/,MIA at NYY,PHI,SP,2.5,+110,+110,+106,,+110,,,,,,,,+106,,,,,-145,-145,-145,,-145,,,,,,,,-145,,,,
2024-04-08,Nestor Cortes Jr.,/mlb/props/nestor-cortes/,MIA at NYY,FA,SP,2.5,+115,+100,-104,,+100,,,,,,,,-104,,,,,-150,-131,-135,,-135,,,,,,,,-131,,,,
2024-04-08,Reese Olson,/mlb/props/reese-olson/,DET at PIT,DET,SP,2.5,+105,-106,-110,,-110,,,,,,,,-106,,,,,-140,-120,-129,,-120,,,,,,,,-129,,,,
2024-04-08,Mitch Keller,/mlb/props/mitch-keller/,DET at PIT,PIT,SP,2.5,+110,+110,+104,,+110,,,,,,,,+104,,,,,-145,-142,-145,,-145,,,,,,,,-142,,,,
2024-04-08,Aaron Ashby,/mlb/props/aaron-ashby/,MIL at CIN,MIL,RP,2.5,+120,+120,+112,,+120,,,,,,,,+112,,,,,-160,-154,-160,,-160,,,,,,,,-154,,,,
2024-04-08,Graham Ashcraft,/mlb/props/graham-ashcraft/,MIL at CIN,CIN,RP,2.5,-130,-135,-135,,-135,,,,,,,,-135,,,,,+100,+100,-101,,+100,,,,,,,,-101,,,,
2024-04-08,Jose Berrios,/mlb/props/jose-berrios/,SEA at TOR,TOR,SP,2.5,+110,+110,+104,,+110,,,,,,,,+104,,,,,-145,-142,-145,,-145,,,,,,,,-142,,,,
2024-04-08,Luis Castillo,/mlb/props/luis-castillo/,SEA at TOR,SEA,SP,2.5,-105,+105,+104,,+105,,,,,,,,+104,,,,,-125,-140,-140,,-140,,,,,,,,-142,,,,
2024-04-08,Charlie Morton,/mlb/props/charlie-morton/,NYM at ATL,FA,"SP,RP",2.5,+125,+125,+112,,+125,,,,,,,,+112,,,,,-165,-154,-165,,-165,,,,,,,,-154,,,,
2024-04-08,Julio Teheran,/mlb/props/julio-teheran/,NYM at ATL,FA,SP,2.5,-155,-151,-165,,-165,,,,,,,,-151,,,,,+115,+125,+110,,+125,,,,,,,,+110,,,,
2024-04-08,James Paxton,/mlb/props/james-paxton/,LAD at MIN,FA,SP,2.5,-105,-110,-111,,-110,,,,,,,,-111,,,,,-125,-120,-123,,-120,,,,,,,,-123,,,,
2024-04-08,Bailey Ober,/mlb/props/bailey-ober/,LAD at MIN,MIN,SP,2.5,-125,-110,-117,,-110,,,,,,,,-117,,,,,-105,-117,-117,,-120,,,,,,,,-117,,,,
2024-04-08,Spencer Turnbull,/mlb/props/spencer-turnbull/,PHI at STL,FA,"SP,RP",2.5,-110,+100,+100,,+100,,,,,,,,-109,,,,,-120,-125,-135,,-135,,,,,,,,-125,,,,
2024-04-08,Miles Mikolas,/mlb/props/miles-mikolas/,PHI at STL,WSH,"SP,RP",3.5,-125,+115,+108,,+115,,,,,,,,+108,,,,,-105,-148,-148,,-150,,,,,,,,-148,,,,
2024-04-08,Andrew Heaney,/mlb/props/andrew-heaney/,HOU at TEX,FA,SP,2.5,-150,-145,-150,,-150,,,,,,,,-145,,,,,+115,+115,+106,,+115,,,,,,,,+106,,,,
2024-04-08,Blair Henley,/mlb/props/blair-henley/,HOU at TEX,FA,SP,3.5,+120,+120,+118,,+120,,,,,,,,+118,,,,,-160,-160,-163,,-160,,,,,,,,-163,,,,
2024-04-08,Framber Valdez,/mlb/props/framber-valdez/,HOU at TEX,DET,SP,2.5,-125,+114,-120,,-120,,,,,,,,+114,,,,,-105,-110,-157,,-110,,,,,,,,-157,,,,
2024-04-08,Kyle Freeland,/mlb/props/kyle-freeland/,ARI at COL,COL,SP,3.5,-120,-129,-135,,-135,,,,,,,,-129,,,,,-110,+100,-106,,+100,,,,,,,,-106,,,,
2024-04-08,Zac Gallen,/mlb/props/zac-gallen/,ARI at COL,ARI,SP,2.5,-155,-154,-165,,-165,,,,,,,,-154,,,,,+115,+120,+112,,+120,,,,,,,,+112,,,,
2024-04-08,Zach Eflin,/mlb/props/zach-eflin/,TB at LAA,BAL,SP,2.5,+120,+100,-103,,+100,,,,,,,,-103,,,,,-160,-130,-130,,-130,,,,,,,,-133,,,,
2024-04-08,Tyler Anderson,/mlb/props/tyler-anderson/,TB at LAA,FA,SP,2.5,+105,-104,-105,,-105,,,,,,,,-104,,,,,-140,-125,-131,,-125,,,,,,,,-131,,,,
2024-04-08,Yu Darvish,/mlb/props/yu-darvish/,CHC at SD,SD,SP,2.5,+115,+114,+105,,+105,,,,,,,,+114,,,,,-155,-135,-157,,-135,,,,,,,,-157,,,,
2024-04-08,Javier Assad,/mlb/props/javier-assad/,CHC at SD,CHC,"SP,RP",2.5,-110,+110,+102,,+110,,,,,,,,+102,,,,,-120,-139,-145,,-145,,,,,,,,-139,,,,
2024-04-08,Blake Snell,/mlb/props/blake-snell/,WSH at SF,LAD,SP,1.5,-105,-113,-120,,-120,,,,,,,,-113,,,,,-125,-110,-110,,-110,,,,,,,,-121,,,,
2024-04-08,Trevor Williams,/mlb/props/trevor-williams/,WSH at SF,WSH,SP,2.5,-155,-145,-148,,-145,,,,,,,,-148,,,,,+115,+110,+108,,+110,,,,,,,,+108,,,,
