year,"last_name, first_name",player_id,team_id,pa,pitches,runs_all,runs_heart,runs_shadow,runs_chase,runs_waste,name_norm
2024,"Guillorme, Luis",641645,109,187,802,-7.727619404354159,-10.36574780064385,-5.704632759502826,4.963595819348742,3.379165336443759,luis guillorme
2024,"Ozuna, Marcell",542303,144,686,2875,46.1705975259673,23.700065300325495,-18.181596242991,23.70100284607419,16.951125622558703,marcell ozuna
2024,"Rosario, Eddie",592696,144,319,1187,-17.870276073141405,-16.9127965552875,-8.18669896809103,3.92774957525492,3.301469874982204,eddie rosario
2024,"Slater, Austin",596103,110,212,882,-5.19670975422586,-13.149038605814486,-5.186751868851648,7.8205107231844595,5.318569997255812,austin slater
2024,"Devers, Rafael",646240,111,587,2375,25.98430526782522,-6.74147092860863,6.741116928044757,18.668084648908025,7.316574619481019,rafael devers
2024,"Happ, Ian",664023,112,656,2721,5.5400277260702016,-10.049346848265737,-13.496180222476433,19.057747631488525,10.027807165323802,ian happ
2024,"Marte, Noelvi",682622,113,242,882,-15.174629133583553,-0.9418606543648204,-16.119810677834227,-0.8918973605837459,2.778939559199249,noelvi marte
2024,"Vaughn, Andrew",683734,145,618,2337,-1.4784751053967988,4.727567895779198,-25.58808956004767,8.477984008896305,10.904062549975366,andrew vaughn
2024,"Greene, Riley",682985,116,578,2404,21.02910803826473,10.0962575115043,-22.594886028419232,22.86566541938033,10.662071135799287,riley greene
2024,"Pasquantino, Vinnie",686469,118,553,2133,9.851806601549496,12.581829470749904,-20.68247848952228,9.686168720061849,8.26628690026001,vinnie pasquantino
2024,"Massey, Michael",686681,118,355,1330,1.539012642097093,7.312352783200884,-10.615774310236482,0.9388627048098148,3.903571464322851,michael massey
2024,"Wall, Forrest",657088,146,35,129,-2.6238663998755496,-2.8165350579285886,-0.868650000214296,0.7988029243018708,0.2625157339654632,forrest wall
2024,"McNeil, Jeff",643446,121,471,1711,-2.626255023977006,0.3200771089115222,-20.537692237068136,10.978574159912627,6.612785944266999,jeff mcneil
2024,"Grisham, Trent",663757,147,208,854,-1.539120020117262,-5.526570672924953,-7.886684495477437,9.149067032902323,2.725068115382798,trent grisham
2024,"Volpe, Anthony",683011,147,688,2796,-15.75719030517106,-16.98180325362742,-21.43247724529095,13.276236748113424,9.380853445633845,anthony volpe
2024,"Brown, Seth",664913,133,400,1552,-9.319617321839443,0.22330189810752,-20.67005705990277,4.813432452033354,6.313705387922472,seth brown
2024,"McCann, Kyle",668832,133,156,635,-1.5897189267945486,-5.892888703527137,-4.098585639827823,5.092067010694036,3.309688405866373,kyle mccann
2024,"Stubbs, Garrett",596117,143,187,746,-9.548553622926944,-9.009270976381517,-8.84080051586256,4.72627193216257,3.575245937154576,garrett stubbs
2024,"Wilson, Weston",642215,143,98,379,4.718928111494228,2.3046621571469914,-1.801754283051625,2.3819668592943377,1.8340533781045327,weston wilson
2024,"Marsh, Brandon",669016,143,476,2007,6.047426167990524,4.106825295267918,-18.6664902536146,11.05283346382129,9.554257662515916,brandon marsh
2024,"Grandal, Yasmani",518735,134,243,952,6.319836297521247,1.07008465833264,-3.654783168201409,6.597700200356417,2.306834607033596,yasmani grandal
2024,"Palacios, Joshua",641943,134,78,307,0.6457245545889421,-1.0780043742289158,-2.716183592957353,3.2569864951345675,1.1829260266406434,joshua palacios
2024,"Suwinski, Jack",669261,134,275,1114,-9.829007769597323,-7.665223153377431,-16.450491385793985,11.44897831601224,2.837728453561848,jack suwinski
2024,"Haggerty, Sam",664059,136,16,59,-2.790397627392509,-1.599464253783081,-1.5701045028188534,0.1802493224127618,0.1989218067966632,sam haggerty
2024,"Jackson, Alex",656577,139,155,626,-14.227508571045286,-11.8055770966522,-6.220602968005643,3.3652418164020736,0.4334296772104933,alex jackson
2024,"Rortvedt, Ben",666163,139,327,1357,-8.796736105526975,-9.13054275337752,-14.32834710766067,8.867892426220607,5.794261329290582,ben rortvedt
2024,"Clement, Ernie",676391,141,451,1449,-1.932996972251426,4.736242625799891,-16.51881189832616,5.090759163296065,4.7588131369787545,ernie clement
2024,"Call, Alex",669743,120,113,493,9.236202832843889,0.8425147200869456,1.4424846802734763,5.288718828927105,1.6624846035563654,alex call
2024,"Rengifo, Luis",650859,108,304,1084,2.316949916645807,-6.492173007327479,-0.6773080705632881,4.331419949739564,5.1550110447970034,luis rengifo
2024,"Thomas, Alek",677950,109,103,372,-4.645851184137252,-0.574064127247372,-6.666087233609268,1.3042545965214576,1.2900455801979291,alek thomas
2024,"Urías, Ramón",602104,110,301,1150,5.087143976411395,-6.333841837930274,-5.798114645189532,10.823059344980486,6.396041114550709,ramon urias
2024,"Refsnyder, Rob",608701,111,305,1202,10.046710254849506,4.559244483871924,-7.139472944521318,7.84615344886573,4.780785266633204,rob refsnyder
2024,"Abreu, Wilyer",677800,111,447,1806,8.847638407038946,-0.7100668590973104,-6.127850560896524,9.700495439459386,5.9850603875734505,wilyer abreu
2024,"Busch, Michael",683737,112,566,2365,10.813288699147694,-1.9756771553104644,-19.506249183386995,21.9972662933768,10.297948744468387,michael busch
2024,"Rosario, Amed",642708,113,346,1210,-2.093033410905621,-8.07478045772229,-5.270824351763904,7.206950895773062,4.045620502807511,amed rosario
2024,"Naylor, Josh",647304,114,625,2284,12.76969286248395,-6.7478288402118975,-7.181009385876171,14.988007357146886,11.71052373142514,josh naylor
2024,"Martínez, Angel",682657,114,169,677,-3.843520868338018,-7.416989166991465,-2.929184413210833,4.199589535067209,2.3030631767970697,angel martinez
2024,"DeLoach, Zach",676113,145,75,298,-1.0141054128598426,0.2913922405689015,-4.435863488088497,1.6123279002202648,1.518037934439485,zach deloach
2024,"Ibáñez, Andy",628451,116,244,917,-4.035886667017044,-0.0819615160481894,-13.43168298686023,5.384657489896106,4.093100345995266,andy ibanez
2024,"Keith, Colt",690993,116,552,2011,-0.2921514018627393,2.336174944432419,-21.052648158781626,10.601737910479825,7.822583902006642,colt keith
2024,"Cabbage, Trey",663550,117,91,336,-5.380554166636745,0.4644475293575716,-6.550688589604983,-0.6861841940294524,1.3918710876401177,trey cabbage
2024,"Ohtani, Shohei",660271,119,721,2838,71.25898706129395,41.9668856162096,-7.502236151904226,25.309127502166746,11.485210094821982,shohei ohtani
2024,"Sánchez, Jesús",660821,146,534,1991,-0.2599810361406544,3.897133967069206,-16.521307728482338,6.368653297287343,5.995539427985118,jesus sanchez
2024,"Farmer, Kyle",571657,142,240,882,-5.686250187141631,-2.8242958459123404,-9.696391533882858,3.636144133408497,3.198293059245063,kyle farmer
2024,"Alvarez, Eddy",657193,121,11,54,-1.4415095844709107,-1.9303658067380305,-0.5252037877902304,0.2031420687675565,0.8109179412897936,eddy alvarez
2024,"Alvarez, Francisco",682626,121,341,1331,0.2283230708990468,-0.6733812182443816,-11.098232883068649,7.287328658471894,4.71260851374017,francisco alvarez
2024,"Nevin, Tyler",663527,133,278,1090,-5.253006752538129,-4.14473871454146,-15.105153252072256,8.838346409616216,5.158538804459358,tyler nevin
2024,"Schwarber, Kyle",656941,143,688,2852,30.74729999058541,9.005413195264092,-20.08058901522095,26.126598340164414,15.69587747037784,kyle schwarber
2024,"Gonzales, Nick",693304,134,386,1371,-1.041500449375255,-8.543449147970664,-5.249481244879361,7.886792649237408,4.864637294237348,nick gonzales
2024,"Solano, Donovan",456781,135,309,1273,6.542698818553938,4.314711050484512,-11.352562749756542,8.243125910421215,5.33742460740475,donovan solano
2024,"Rodríguez, Julio",677594,136,612,2385,6.851978848791437,-7.763889249912385,-8.669173674791779,12.334923926717954,10.950117846777724,julio rodriguez
2024,"Villar, David",681584,137,37,136,0.672764401248116,-1.4957907039695737,1.8337828842673565,-0.265054165454628,0.5998263864049616,david villar
2024,"Pagés, Pedro",686780,138,217,840,-7.110956972207714,-1.146770314572245,-9.930587696152472,1.8029761779092863,2.163424860607722,pedro pages
2024,"Walsh, Jared",665120,140,60,262,-1.2671666164567787,-3.0561357085068384,-1.759104690595481,2.537812051079688,1.0102617315658546,jared walsh
2024,"Kirk, Alejandro",672386,141,385,1495,-1.155601154329462,-2.313558673972581,-15.403663569512071,9.534649262867678,7.026971826287491,alejandro kirk
2024,"Berroa, Steward",672642,141,45,183,-1.0522206684121092,-2.826417689080249,-0.7358235635719851,1.5764145843721191,0.9336059998680056,steward berroa
2024,"Jiménez, Leo",677870,141,210,847,-0.4668447947170828,-3.586687043463109,-5.745249506119639,4.852243957381027,4.012847797484633,leo jimenez
2024,"Thaiss, Matt",642136,108,186,754,-3.673663913053792,-7.0873911993695735,-7.775409310156761,8.987961279968909,2.201175316503626,matt thaiss
2024,"Urshela, Gio",570482,144,458,1688,-11.541511493404965,-15.180095332873172,-9.083595271907049,8.430234665825841,4.291944445549451,gio urshela
2024,"Arcia, Orlando",606115,144,601,2332,-15.453017784460428,-14.033509684426866,-23.65494512431691,12.74871464407746,9.486722380205949,orlando arcia
2024,"Acuña Jr., Ronald",660670,144,222,905,4.520774055609722,-4.539514072069424,-1.4170130623860988,4.810265095252757,5.667036094812481,ronald acuna jr.
2024,"Alvarez Jr., Nacho",805373,144,32,119,-4.903942210178619,-2.7743982103237177,-3.6392216391031176,0.6527228566280228,0.8569547826201914,nacho alvarez jr.
2024,"O'Hearn, Ryan",656811,110,492,1920,10.442039122552202,0.6391165009689298,-11.89851705322263,13.103473101421532,8.59796657338441,ryan o'hearn
2024,"Hurtubise, Jacob",674441,113,68,281,-3.5196163907319318,-3.441257439927037,-3.130177858579075,1.953539705233879,1.0982792025402988,jacob hurtubise
2024,"Thomas, Lane",657041,114,527,2080,2.2413139964746858,-2.930308784218869,-19.747197588393103,15.767604168665716,9.151216200420963,lane thomas
2024,"Robert Jr., Luis",673357,145,423,1609,-5.229198953601697,-0.9222266391335976,-15.412221577600873,5.403617550610283,5.701631712522474,luis robert jr.
2024,"Colás, Oscar",693049,145,38,144,-0.8702235647154819,-1.1223262885697554,-0.5296230796031725,0.5487468633183371,0.2329789401391076,oscar colas
2024,"Singleton, Jon",572138,117,404,1626,4.735264103874069,-10.577281231400384,-6.145035246349931,15.449521059063924,6.008059522560475,jon singleton
2024,"Tucker, Kyle",663656,117,336,1349,32.68421573226654,9.507429974778791,0.3555789319244253,15.53135789980788,7.28984892575541,kyle tucker
2024,"Kepler, Max",596146,142,399,1498,-1.3968436732186622,-2.000297397989627,-12.902868756944937,7.345416344980934,6.1609061367349645,max kepler
2024,"Julien, Edouard",666397,142,300,1235,-9.613660899459122,-12.736331195712545,-15.464243867230296,13.54727937946094,5.039634784022757,edouard julien
2024,"Torrens, Luis",620443,121,130,510,-2.355186977357258,-5.414028112914804,-3.4260449411454865,4.745652183559214,1.7392338931438198,luis torrens
2024,"Stanton, Giancarlo",519317,147,456,1829,9.073864874107873,-2.89589048620852,-0.9690440493221704,4.53709644814855,8.40170296149008,giancarlo stanton
2024,"Ruiz, Esteury",665923,133,65,246,-2.2589975759787992,-2.237715334165103,-2.323171086894732,0.5090648516349764,1.79282399344606,esteury ruiz
2024,"Noda, Ryan",676116,133,111,499,-6.796997462628705,-7.686499024054242,-7.849034504707104,6.684978092914043,2.0535579732186013,ryan noda
2024,"Bae, Ji Hwan",678225,134,81,313,-4.27871985534617,-6.684942562074014,-0.926395098893328,2.97771119057959,0.3549066150415839,ji hwan bae
2024,"Davis, Henry",680779,134,122,521,-9.828596366991336,-8.039739475998106,-6.97899955493421,3.388535188318317,1.8016074756226692,henry davis
2024,"Ahmed, Nick",605113,135,227,847,-11.919983696395608,-8.92901827201815,-9.172353301101262,3.635088733235265,2.54629914348853,nick ahmed
2024,"Rojas, Josh",668942,136,474,1901,-13.99642817867044,-16.868653599878193,-19.513128171830253,15.706236753840075,6.6791168391979285,josh rojas
2024,"Brooks, Trenton",670092,137,29,110,-2.4576562823912997,-3.015518623883181,-0.3324905699849044,0.3668283699990735,0.5235245414777115,trenton brooks
2024,"Walls, Taylor",670764,139,252,1028,-16.693687238983635,-17.753566929355628,-10.46383735875722,7.508097136090266,4.015619913038944,taylor walls
2024,"Yepez, Juan",660766,120,248,966,2.139716757520666,0.1878305164267115,-11.213567801570948,9.624840419244862,3.5406136234200343,juan yepez
2024,"Chaparro, Andrés",665953,120,132,525,-3.1929552350779127,-2.52332736296544,-6.006907475270262,1.5802016071589668,3.757077995998824,andres chaparro
2024,"Tena, José",677588,120,168,673,-5.905636927441109,-1.844382337436368,-5.398225641741228,-0.0641415276251961,1.4011125793616797,jose tena
2024,"Leblanc, Charles",641779,108,27,118,0.9776006498457168,-0.4692147457190138,0.1407690899718674,0.8129759256592723,0.4930703799335916,charles leblanc
2024,"Newman, Kevin",621028,109,310,1070,-3.616357612091568,-1.6082929208977614,-8.332793815308369,2.864673972931619,3.4600551511829454,kevin newman
2024,"Kelenic, Jarred",672284,144,448,1758,-5.571533499001013,-5.309663402468794,-13.45632840021505,7.67805094209397,5.516407361588856,jarred kelenic
2024,"Bethancourt, Christian",542194,112,147,516,-6.288193439375416,-2.1911329287179298,-5.312831075960559,0.4121666711057533,0.8036038941973193,christian bethancourt
2024,"Wisdom, Patrick",621550,112,174,701,-4.261378786523252,-1.927909302316537,-8.870959766011541,1.8851395104386928,4.652350771366131,patrick wisdom
2024,"Ford, Mike",645801,113,62,229,-8.182959767859435,-2.9779125291647293,-7.111413611224836,0.9083226987439,0.9980436737862362,mike ford
2024,"De La Cruz, Elly",682829,113,694,2751,20.095526457598357,3.761292987826204,-15.85131775996702,20.479993817853995,11.705557411885184,elly de la cruz
2024,"Fry, David",681807,114,388,1515,16.73934183957646,2.056225672731415,-1.9309603345423487,8.486843528493633,8.127232972893719,david fry
2024,"Blackmon, Charlie",453568,115,497,1919,8.956155294620574,-14.502183575526244,0.5838649677510576,15.442726303270936,7.431747599124865,charlie blackmon
2024,"Doyle, Brenton",686668,115,602,2158,9.02178965342354,5.812873059304359,-22.39957881191065,14.5867665966497,11.02172880938014,brenton doyle
2024,"Lopez, Nicky",670032,145,445,1628,-8.503192631323897,-20.036514334328476,-7.264757394281839,11.001600987922275,7.796478109364188,nicky lopez
2024,"Abreu, José",547989,117,120,486,-13.219998358590123,-7.428705846320437,-10.298115582885682,2.076801305167741,2.4300217654482608,jose abreu
2024,"Taylor, Chris",621035,119,246,1046,-7.449315766130119,-10.06632713703321,-10.233232599293991,8.018745449059807,4.831498521137278,chris taylor
2024,"Smith, Will",669257,119,537,2271,7.55603134862033,-15.262893869374782,-4.988697811429329,18.60682132567956,9.20080170374488,will smith
2024,"Contreras, William",661388,158,674,2677,29.55346827691045,0.3602042020979529,-1.6056502547312046,18.56308500956323,12.2358293199803,william contreras
2024,"Keirsey Jr., DaShawn",680577,142,14,50,-1.163766879301438,-1.179419121159878,-0.4726493188983633,0.1147666000589003,0.3735349606979033,dashawn keirsey jr.
2024,"Marte, Starling",516782,121,369,1417,-0.6636828221819514,-3.737156315698943,-8.048352883037019,7.027125347514889,4.094701029039124,starling marte
2024,"Gelof, Zack",680869,133,547,2055,-18.26032853332192,-11.637777600847334,-23.88113633680807,9.721782779321307,7.5368026250121405,zack gelof
2024,"Canzone, Dominic",686527,136,186,696,-1.7760084955167776,0.7197944233595648,-7.391442786594824,1.6992327528125313,3.1964071149059508,dominic canzone
2024,"Fitzgerald, Tyler",666149,137,341,1330,13.137552677760867,12.37328409855025,-10.419553698054456,5.343512744531468,5.840309532733596,tyler fitzgerald
2024,"Schmitt, Casey",669477,137,113,374,1.875714924365277,3.771522834856829,-4.217253425349423,0.9878865577673288,1.3335589570905468,casey schmitt
2024,"Palacios, Richie",680700,139,314,1281,-1.6874151526722956,-7.379605349350308,-13.258174095105984,12.533483206207734,6.41688108557624,richie palacios
2024,"Duran, Ezequiel",677649,140,284,1011,-8.906951155855301,-1.4416910426873777,-13.622160239196733,3.217074992932979,2.939825133095868,ezequiel duran
2024,"Guerrero Jr., Vladimir",665489,141,683,2595,52.77214903765751,24.644749764087184,-5.14823846770656,21.266392913092687,12.009244828184157,vladimir guerrero jr.
2024,"Meneses, Joey",608841,120,312,1142,-11.775847911776625,-10.749141740312504,-9.737432862308305,3.668309212021336,5.042417478822845,joey meneses
2024,"Dalbec, Bobby",666915,111,93,413,-9.413126532721044,-6.016396247319381,-6.477601113150876,0.9243744893021768,2.1564963384470355,bobby dalbec
2024,"Benintendi, Andrew",643217,145,521,1995,-11.396135787512277,-10.21156073682642,-21.18551574258399,13.224483616429051,6.776457075469119,andrew benintendi
2024,"Peña, Jeremy",665161,117,649,2272,-3.828012850742849,-4.055283273441757,-13.648627579894978,3.4242119321154245,10.451686070478464,jeremy pena
2024,"Rojas, Miguel",500743,119,337,1211,3.66086788730004,-5.505561409876464,-4.50566256979804,8.501121419760748,5.170970447213803,miguel rojas
2024,"Bauers, Jake",641343,158,345,1512,-6.645594617018273,-8.261938046830826,-16.48131949581708,11.1628900830902,6.934772842539435,jake bauers
2024,"Collins, Isaac",686555,158,19,87,-2.6358627575299405,-3.020359813655189,-0.5223474890151737,0.279204827173817,0.6276397179666061,isaac collins
2024,"Vázquez, Christian",543877,142,315,1141,-14.64783312417216,-7.840278213383741,-12.892461577564486,1.817905269416944,4.267001397359101,christian vazquez
2024,"Lewis, Royce",668904,142,322,1233,5.044529977043821,5.0315823513687326,-8.666875496368366,4.5383877177476,4.14143540429584,royce lewis
2024,"Bader, Harrison",664056,121,435,1647,-8.827793334448355,-4.742669009554116,-17.02286384972338,4.890613571400832,8.047125953428282,harrison bader
2024,"Chisholm Jr., Jazz",665862,147,615,2494,15.090740621831744,5.223140287323387,-18.42097867444515,16.483534495356693,11.805044513596837,jazz chisholm jr.
2024,"Conforto, Michael",624424,137,486,1963,6.660952765856266,-0.3746316105017031,-18.11288619654063,15.859907204289993,9.288563368608616,michael conforto
2024,"Donovan, Brendan",680977,138,651,2484,6.583165109071243,-13.04219522564984,-11.810460805818126,18.00973272575438,13.426088414784717,brendan donovan
2024,"Walker, Jordan",691023,138,178,669,-5.51545361517261,2.119663375188076,-14.311152240182262,4.31248115562449,2.3635540941970903,jordan walker
2024,"Saggese, Thomas",695336,138,52,189,-3.1939483786788285,-3.917374369253148,-0.1315220659671019,0.1040930021481845,0.7508550543932347,thomas saggese
2024,"Bichette, Bo",666182,141,332,1174,-14.62510788324797,-6.97932099030344,-16.62150358805389,6.01231463268602,2.963402062423331,bo bichette
2024,"Sanó, Miguel",593934,108,94,402,-4.580425625905887,-1.9784191959021027,-5.258935936927975,1.136194299542978,1.5207352073812148,miguel sano
2024,"Cowser, Colton",681297,110,559,2311,7.680403618411138,8.951287803319888,-26.552689296643717,11.785812059199694,13.49599305253522,colton cowser
2024,"Henderson, Gunnar",683002,110,716,2896,32.88429392771027,6.7703539524313445,-12.879631969380004,26.98272341791249,12.010848526746312,gunnar henderson
2024,"Wong, Connor",657136,111,486,1865,6.496563454117066,-3.096046598747229,-9.592119486631958,9.503809131404635,9.680920408091598,connor wong
2024,"Yoshida, Masataka",807799,111,421,1593,8.42962628782821,1.941554723638124,-12.708085387763758,11.576117977961989,7.620038973991855,masataka yoshida
2024,"Bouchard, Sean",656248,115,108,431,-1.9830338579476767,-4.865321360386816,-2.3076693873210754,2.771782561501501,2.4181743282587123,sean bouchard
2024,"Moncada, Yoán",660162,145,45,192,0.3998835636082946,0.2079462728369854,-2.3208959769759905,2.246026741824044,0.2668065259232557,yoan moncada
2024,"Baldwin, Brooks",681460,145,121,426,-7.650046994205541,-5.241195970839751,-5.812746289819664,1.8900936031471007,1.5138016633067777,brooks baldwin
2024,"Torkelson, Spencer",679529,116,379,1582,-4.889261815520472,-0.9401797773050348,-19.88562773816006,10.822520771537771,5.114024928406859,spencer torkelson
2024,"Melendez, MJ",669004,118,450,1845,-10.565592825855203,-10.420253893558325,-18.43225219131237,10.661371646881646,7.625541612133917,mj melendez
2024,"Velázquez, Nelson",676369,118,230,903,-4.855362933326628,-5.83045402474062,-11.280347058792884,6.35771519767431,5.897722952532566,nelson velazquez
2024,"Sánchez, Ali",645305,146,96,338,-9.452574474823743,-5.979216816401249,-4.76445583231601,0.2273963827113311,1.0637017911821876,ali sanchez
2024,"Nimmo, Brandon",607043,121,661,2747,8.119764797483027,-10.228382385418143,-18.434980325446517,22.141868707320988,14.641258801026694,brandon nimmo
2024,"Baty, Brett",683146,121,170,676,-4.600502795064124,-7.713993602313766,-2.4906717453579947,2.201777803009807,3.4023847495978274,brett baty
2024,"Turner, Trea",607208,143,539,2043,19.7409610914224,10.559847481345098,-12.82355788862204,14.64467566695235,7.359995831746958,trea turner
2024,"Díaz, Elias",553869,135,349,1323,-2.3180286342286904,0.5393331966325956,-14.855593978794111,5.458689222504272,6.539542925428534,elias diaz
2024,"Raleigh, Cal",663728,136,624,2514,4.875266019047776,-3.2283512086615547,-20.97236964671254,17.775935843083392,11.300051031338462,cal raleigh
2024,"Luciano, Marco",682617,137,81,325,-3.36066359895732,-3.62198034216526,-3.005950427006701,2.1489700669235705,1.1182971032910718,marco luciano
2024,"Burleson, Alec",676475,138,594,2113,1.3918175730154143,-10.493041307516226,-4.626718087200735,8.868909036408747,7.642667931323619,alec burleson
2024,"Aranda, Jonathan",666018,139,142,573,0.9775292835750796,1.9605541255027064,-8.638190770476367,4.4292474407282505,3.225918487820488,jonathan aranda
2024,"DeLuca, Jonny",676356,139,361,1345,-10.636605849754549,-14.877038116760684,-4.455960873422107,3.569325293091429,5.127067847336811,jonny deluca
2024,"Heim, Jonah",641680,140,491,1781,-21.023954896568185,-14.429410464520055,-23.63291026821665,9.558881983086287,7.479483853082143,jonah heim
2024,"Loperfido, Joey",694388,141,262,1003,-8.975912321901312,-9.436476513726523,-7.236804448437862,4.684318624006661,3.013050016256403,joey loperfido
2024,"Tucker, Cole",657061,108,57,237,-3.0343743767883877,-0.5173308630573866,-4.507551067964338,1.19459765020831,0.7959099040250224,cole tucker
2024,"Adams, Jordyn",677941,108,37,158,0.4559790616331904,0.4972383303977288,-0.9381057239696076,0.4915048213604613,0.4053416338446041,jordyn adams
2024,"Neto, Zach",687263,108,601,2289,7.093242531482311,1.1777111516618,-13.334667996805644,9.995538414666754,9.25466096195939,zach neto
2024,"Suárez, Eugenio",553993,109,640,2542,15.627839787220893,5.507526412025196,-15.0510868594435,14.2795646497467,10.891835584892435,eugenio suarez
2024,"Reyes, Pablo",622569,111,64,252,-5.605123487893319,-3.3131158931708984,-4.762698343481112,1.5205209017483856,0.9501698470103108,pablo reyes
2024,"O'Neill, Tyler",641933,111,468,1984,21.67586038480732,11.562898027802738,-14.54369575226232,15.65059181535806,9.006066293908845,tyler o'neill
2024,"Madrigal, Nick",663611,112,94,358,-5.354204049372192,-5.975565644156992,-3.188540791460948,1.8546894682941504,1.955212917951601,nick madrigal
2024,"Amaya, Miguel",665804,112,362,1291,-7.571175111404112,3.798187819672437,-19.90171861364202,4.444092368829004,4.088263313736443,miguel amaya
2024,"Mastrobuoni, Miles",670156,112,105,381,-10.310462946148483,-8.569281394800038,-6.662787231132056,2.3743958400636527,2.547209839719959,miles mastrobuoni
2024,"Paredes, Isaac",670623,112,639,2853,14.439563413923317,-3.0306845915357306,-22.52066936830973,22.38908922893388,17.60182814483501,isaac paredes
2024,"Tovar, Ezequiel",678662,115,694,2528,4.991162390126256,11.46405163955768,-15.875046623480328,1.5083228290795478,7.893834544969287,ezequiel tovar
2024,"Amador, Adael",691182,115,36,119,-3.59979865668839,-1.9997630016106416,-1.703648967857596,-0.1148789789726211,0.2184922917524683,adael amador
2024,"Goodman, Hunter",696100,115,224,828,-5.182428216548587,1.0626448593689564,-8.309347190820379,-0.1341954619791703,2.198469576882007,hunter goodman
2024,"Amaya, Jacob",676070,145,72,301,-6.7963581947035445,-4.119229959010108,-6.166095525870629,2.5407986466615413,0.9481686435156542,jacob amaya
2024,"Lee, Korey",686676,145,393,1429,-17.651453473967496,-5.06122541840895,-19.040635468349222,3.022983944665958,3.427423468124751,korey lee
2024,"Rogers, Jake",668670,116,336,1258,-7.679752555333871,-9.239296924033704,-9.583755329059262,5.685370401272534,5.45792929648654,jake rogers
2024,"Bruján, Vidal",660644,146,275,1055,-7.864558839570384,-8.051869427862275,-11.531547815194743,5.239548190157906,6.479310213328737,vidal brujan
2024,"Turang, Brice",668930,158,616,2470,-6.915617692918692,-23.767855843124345,-11.083128190178344,17.8669168719634,10.068449468420596,brice turang
2024,"Correa, Carlos",621043,142,363,1375,25.66162679348376,3.308919587652118,0.8404333908884938,14.613109205836883,6.899164609106228,carlos correa
2024,"Stewart, DJ",621466,121,194,765,-0.9879574738773635,-11.12742159229456,-4.535248126732871,11.064832615541164,3.609879629608891,dj stewart
2024,"Vientos, Mark",668901,121,454,1756,20.11717740422901,7.084624097579412,-0.3013272035617451,7.13217576830886,6.20170474190249,mark vientos
2024,"Allen, Nick",669397,133,105,356,-8.401595986637934,-3.0419638519649133,-8.45875319548376,1.1940816728642634,1.9050393879464804,nick allen
2024,"Yorke, Nick",694377,134,42,174,-1.8298336028567777,-2.3539921766511567,-3.1859998918451597,2.8232547929762037,0.8869036726633368,nick yorke
2024,"Tatis Jr., Fernando",665487,135,438,1551,17.102714877947115,2.539806153241077,0.749563116181148,5.512170590650153,8.30117501787466,fernando tatis jr.
2024,"Merrill, Jackson",701538,135,592,2214,20.242489236130652,4.335720321449394,2.341620191711187,7.051450143108811,6.513698579861335,jackson merrill
2024,"Yastrzemski, Mike",573262,137,472,1951,2.2225269346467083,-12.292449059594386,-7.6716213127353825,14.455510331227662,7.731086975748791,mike yastrzemski
2024,"Wade Jr., LaMonte",664774,137,396,1639,9.841336796355346,-5.585381812031714,-7.614789196843507,14.223227584419154,8.818280220811456,lamonte wade jr.
2024,"Seager, Corey",608369,140,522,1872,25.140077402694114,4.873169542796268,0.9046717380703,12.803865089618444,6.558371032209025,corey seager
2024,"Wendzel, Davis",673995,140,49,170,-6.49197986008461,-5.476620915786099,-2.171299535438534,0.2458980774833284,0.9100425136566932,davis wendzel
2024,"Carter, Evan",694497,140,162,648,-4.627902034995967,-8.489635291833116,-2.615896775215317,4.125953154156368,2.3516768778960992,evan carter
2024,"Heineman, Tyler",623168,141,16,61,-1.2094379275543503,-1.8230237658142008,-0.8486465160770169,1.0421223216649236,0.4201100326719428,tyler heineman
2024,"Clase, Jonatan",682729,141,65,267,-1.302537249211141,-3.2976830151868257,-1.7365768568022155,2.512220556869372,1.2195020659085292,jonatan clase
2024,"Pillar, Kevin",607680,108,314,1206,-4.8753334404513575,-5.43612043400073,-9.450515198049308,5.306017513976288,4.705284677622374,kevin pillar
2024,"Peterson, Jace",607054,109,26,102,-4.229324539048867,-3.2357711779087936,-1.7605948300805534,0.576561299609087,0.1904801693313932,jace peterson
2024,"Thompson, Bubba",669352,113,18,77,-3.058129476425941,-1.778071120332426,-1.6557525619116495,0.0838686641292406,0.2918255416888939,bubba thompson
2024,"Dunn, Blake",694362,113,29,120,-2.180406113235545,0.5067911253679948,-3.356436051824423,0.1182342245992607,0.5510045886216222,blake dunn
2024,"Rodríguez, Johnathan",671286,114,40,175,-2.10757144122006,-1.192419575570033,-3.0175918777352604,1.334525116363647,0.7679148957215867,johnathan rodriguez
2024,"Rodgers, Brendan",663898,115,538,2079,-1.215113425020412,5.890988460166216,-24.073525051363536,7.970124939558437,8.997298226618483,brendan rodgers
2024,"Toglia, Michael",669911,115,456,1920,8.936640847791107,4.347903993592579,-14.134061098990372,11.700718522655045,7.022079430533913,michael toglia
2024,"Trejo, Alan",676701,115,66,221,-8.747348417449208,-4.609281602195779,-3.158087913632507,-1.2780525921163628,0.2980736904954448,alan trejo
2024,"Romo, Drew",691011,115,53,189,-5.097624459629801,-2.4696187592448275,-2.442652569819426,-0.7796043534514228,0.594251222885876,drew romo
2024,"Madris, Bligh",676632,116,75,275,-1.2838254653064782,-0.2875047191870771,-4.141078534058252,2.161023703737462,0.983734084201388,bligh madris
2024,"Jung, Jace",690291,116,94,386,-0.7683243613051185,-1.360002827527334,-5.112374408745788,4.228555420458643,1.4754974545093635,jace jung
2024,"Heyward, Jason",518792,117,256,1024,-2.987844066127493,-1.1068517206624613,-11.771313163622713,5.301044098602429,4.589276719555246,jason heyward
2024,"Blanco, Dairon",680118,118,132,459,-3.087718625388677,-2.309526408353583,-5.029365959122056,2.2623841269453755,1.988789615141586,dairon blanco
2024,"Kiermaier, Kevin",595281,119,279,1015,-15.087091285452164,-9.025706187155906,-11.102828465532117,1.9498962184848847,3.0915471487509567,kevin kiermaier
2024,"Feduccia, Hunter",676439,119,14,57,0.359460089996415,0.1937756735470578,-0.8438546298887696,0.7399379412177007,0.2696011051204259,hunter feduccia
2024,"Outman, James",681546,119,156,634,-9.875465481861402,-7.058954350831851,-11.114926960982668,5.649951951791506,2.648463878161621,james outman
2024,"Buxton, Byron",621439,142,387,1458,15.879474244598068,6.077083050266436,-4.691367277992071,7.56324159156858,6.930516880755117,byron buxton
2024,"Alonso, Pete",624413,121,690,2780,16.832154494409576,-5.677801062236827,-7.028197446128493,17.256348114023865,12.281804888750957,pete alonso
2024,"Cabrera, Oswaldo",665828,147,324,1267,-4.008035461964538,-10.047338054685074,-8.431839848381111,9.74001339001867,4.7311290510829815,oswaldo cabrera
2024,"Sosa, Edmundo",624641,143,274,1050,3.1917954446235552,-1.8793153008930712,-4.378594667977246,7.178050471072034,2.2716549424218475,edmundo sosa
2024,"Robles, Victor",645302,136,295,1020,11.452874177928416,-3.4788465187276496,-0.0557174275090986,7.890625311763754,7.096812812401424,victor robles
2024,"Carpenter, Matt",572761,138,156,668,-1.4571276173257597,-3.1070546161270998,-6.224153664117996,6.061869202279134,1.8122114606402044,matt carpenter
2024,"Lowe, Brandon",664040,139,423,1624,9.725396874936813,7.263101230283746,-15.01636552840001,9.846702909870272,7.631958263182824,brandon lowe
2024,"Springer, George",543807,141,612,2299,-2.3679912432885133,1.5485899232946396,-33.070711488643234,19.960483682091706,9.193646639968367,george springer
2024,"Serven, Brian",661531,141,71,258,-5.193731625050074,-6.084126372393236,-2.1901901584373227,1.915217689741122,1.1653672160393609,brian serven
2024,"García Jr., Luis",671277,120,526,1883,5.584719185937055,3.384141557650499,-12.441746953732345,6.999393511344136,7.642931070674741,luis garcia jr.
2024,"Lipscomb, Trey",702358,120,211,780,-15.080283924795909,-6.592517721204909,-13.595592728287114,3.221617048480244,1.8862094762158816,trey lipscomb
2024,"Calhoun, Willie",641432,108,253,958,-1.7272286508395074,-2.3539945840392225,-9.4619548924009,6.918268993456842,3.1704518321437742,willie calhoun
2024,"Walker, Christian",572233,109,548,2315,16.053093645767827,2.5675086278855344,-15.02693019994824,17.29780659219575,11.214708625634874,christian walker
2024,"Albies, Ozzie",645277,144,435,1649,-2.35488792924194,-7.152242003091706,-14.255059960334677,11.7491612948036,7.303252739380813,ozzie albies
2024,"Story, Trevor",596115,111,104,373,-0.7391361713840994,2.4040879791069387,-6.541762591460542,1.5324249680206288,1.8661134729488733,trevor story
2024,"Gasper, Mickey",681508,111,23,92,-3.157988594898251,-2.6196627620378505,-1.3569553023004248,0.170204859955922,0.6484246094841042,mickey gasper
2024,"Bellinger, Cody",641355,112,562,2083,9.473242836788398,-8.327319129604465,-1.4667439491756986,12.21503079586536,7.05227511970318,cody bellinger
2024,"Canario, Alexander",672744,112,28,101,0.0715923104574795,-0.7009681651057574,-0.0107211192673641,0.2880654774802024,0.4952161173503987,alexander canario
2024,"Maile, Luke",571912,113,153,637,-10.542689686134644,-9.61523028596489,-7.302888491639747,3.4940812510361736,2.881347840433811,luke maile
2024,"France, Ty",664034,113,535,2028,-6.783621102137839,-8.077598816823627,-24.3330034717706,15.400453306347066,10.226527880109318,ty france
2024,"Encarnacion-Strand, Christian",687952,113,123,451,-8.633675081926796,-2.68980716516304,-7.076370292511199,-0.4437132072819006,1.5762155830293405,christian encarnacion-strand
2024,"Vargas, Miguel",678246,145,237,1009,-11.846140621138124,-10.409416710912357,-16.076918323149172,9.003552015198713,5.63664239772468,miguel vargas
2024,"Kreidler, Ryan",668952,116,65,263,-7.977167440765997,-6.68888957052318,-4.356589204235361,2.69780253083912,0.3705088031534227,ryan kreidler
2024,"Meyers, Jake",676694,117,512,1817,-12.631379644807051,-8.26902946769438,-19.721307730117555,7.60629656078561,7.752660992219341,jake meyers
2024,"Frazier, Adam",624428,118,294,1211,-10.483165348044484,-18.303231456015656,-7.161559312446278,9.60242190028142,5.379203520136027,adam frazier
2024,"Hoskins, Rhys",656555,158,516,2243,7.865491360942195,2.4529202574222437,-18.3037420011672,16.163547595541907,7.5527655091452335,rhys hoskins
2024,"Jeffers, Ryan",680777,142,465,1807,5.810004756475317,-1.8486542629529452,-8.273084647096677,7.074173657209053,8.857570009315864,ryan jeffers
2024,"Taylor, Michael A.",572191,134,298,1202,-18.528410380130293,-12.73586548173192,-14.39027760306286,5.580543803363487,3.0171889013009454,michael a. taylor
2024,"Azócar, José",640492,135,79,291,-4.977894565441337,-2.445097969194141,-2.848122706873344,-0.8091030424630169,1.1244291530891648,jose azocar
2024,"Crawford, J.P.",641487,136,451,1911,-11.85634966520928,-19.4523131366374,-18.92029581511138,19.624461147087462,6.891798139452105,j.p. crawford
2024,"Smith, Josh",669701,140,591,2327,5.074120535897449,1.945111408727296,-24.505953739622417,14.572271475351345,13.062691391441252,josh smith
2024,"Goodrum, Niko",592348,108,33,140,-4.505981262847964,-2.0234853353786706,-3.9752463422805713,1.0735588699729757,0.4191915448383036,niko goodrum
2024,"López, Jack",605346,108,71,274,-1.019287781023662,0.0113353655987233,-1.4896268731920412,-0.3271216257812351,0.7861253523508893,jack lopez
2024,"Kavadas, Niko",694359,108,106,465,-2.184346730213392,-3.434467221419641,-5.740183095001704,4.015351836985025,2.9749517492229254,niko kavadas
2024,"Barrosa, Jorge",678489,109,18,62,-1.3926284052389273,-1.7541442073062774,-0.7871045161837354,0.9134313119564536,0.2351890062946319,jorge barrosa
2024,"Biggio, Cavan",624415,144,224,955,-2.014323232620284,-2.7648440305638764,-13.98249365103218,9.52700826026376,5.2060061887119815,cavan biggio
2024,"Soler, Jorge",624585,144,573,2352,18.525520505834944,-0.5328730088251714,-11.758189967019668,16.838774319046912,13.977809162632864,jorge soler
2024,"Soto, Livan",670869,110,16,66,0.0160841003106597,-0.7626576911109503,-0.270349660770721,0.4059108588278471,0.6431805933644836,livan soto
2024,"McGuire, Reese",624512,111,158,609,-6.55078082107219,-9.031532385117297,-2.448461846965045,2.697900613033437,2.231312797976716,reese mcguire
2024,"Swanson, Dansby",621020,112,590,2355,-2.794274639014687,-11.278107277092714,-20.10436134492142,20.60508891918451,7.983105063814888,dansby swanson
2024,"Martini, Nick",605361,113,163,625,-2.261503724002759,-2.373605802403888,-6.205934586872175,3.204868278694064,3.113168386579245,nick martini
2024,"Pérez, Wenceel",672761,116,420,1738,-3.523874820924497,-2.052516221766219,-21.308484689761283,12.471929753695566,7.365196336907442,wenceel perez
2024,"Meadows, Parker",678009,116,297,1212,1.5673290198157803,4.0671684757336015,-15.392411159858744,9.067653561572396,3.824918142368517,parker meadows
2024,"Carpenter, Kerry",681481,116,293,1117,20.110851770073467,13.843528355097492,-4.065143896699828,5.504544965297733,4.827922346377995,kerry carpenter
2024,"Kessinger, Grae",666197,117,25,115,-4.292031502458022,-2.155836688197787,-3.959977774965274,0.7804682460496601,1.043314714655379,grae kessinger
2024,"Grossman, Robbie",543257,118,245,1031,-4.432252196697347,-14.71780486549364,-5.979073513837507,12.030131425895506,4.234494756738276,robbie grossman
2024,"Hernández, Teoscar",606192,119,649,2608,26.1454325136596,12.412468414188528,-10.640483259078817,12.331271267803322,12.042176090746397,teoscar hernandez
2024,"Bride, Jonah",681146,146,271,1157,10.200137078420868,-2.992883447492339,-2.935717819929583,11.79802145507608,4.330716890766752,jonah bride
2024,"Perkins, Blake",663368,158,433,1734,-8.001465642653187,-13.22944412472268,-18.329293900860524,17.762628548345646,5.794643834584367,blake perkins
2024,"Black, Tyler",672012,158,57,239,-2.256715753408608,-2.069337431123408,-3.101372724964823,2.5330872499170978,0.3809071527625234,tyler black
2024,"Bleday, JJ",668709,133,640,2483,8.463958347714938,2.005075632546633,-25.227603374340948,21.01787088490572,10.6686152046035,jj bleday
2024,"Kennedy, Buddy",671083,143,26,132,0.4664154244368789,-0.1710785180888608,-1.319310782455026,1.2090707577393622,0.7477339672414044,buddy kennedy
2024,"Hayes, Ke'Bryan",663647,134,395,1470,-19.632534095973025,-10.926240920582352,-21.513608889975867,6.043172015556231,6.7641436990289465,ke'bryan hayes
2024,"Cruz, Oneil",665833,134,592,2381,10.487864269489686,-1.2461947873751658,-9.064580408235305,11.283433438848856,9.515206026251404,oneil cruz
2024,"Garver, Mitch",641598,136,430,1815,-8.538085120173031,-5.218646831040136,-26.460290763694527,15.487665808750531,7.65318666581116,mitch garver
2024,"Bliss, Ryan",669208,136,71,259,-1.4450433314058444,1.2253822942055317,-5.895588447449525,1.863349506004339,1.36181331583381,ryan bliss
2024,"Canha, Mark",592192,137,460,1946,0.7170298518165836,-19.84969457414557,-6.279636424538623,18.24968892783883,8.596671922661931,mark canha
2024,"Wisely, Brett",689172,137,270,981,-11.558253449574478,-5.200400192041626,-13.174339804637524,3.6568092036286393,3.159677343476036,brett wisely
2024,"Fermín, José",665877,138,79,324,-8.172798065342644,-7.045308225203039,-3.6214576859774654,2.116377840836665,0.3775900050011979,jose fermin
2024,"Gorman, Nolan",669357,138,399,1594,-6.895001061322101,-2.9470844758406582,-18.507135140656462,10.668842435582302,3.8903761195926863,nolan gorman
2024,"Carlson, Dylan",666185,139,265,1110,-13.823743720060904,-10.62682473718386,-15.832557526729891,7.84157303766327,4.794065506189549,dylan carlson
2024,"Mead, Curtis",678554,139,132,471,-6.976770330110414,-5.389163479015188,-3.7688780581955545,0.2541456921927313,1.927125514907601,curtis mead
2024,"Jung, Josh",673962,140,188,693,1.2964007357536698,8.135766688652534,-12.76236026104773,4.290002914033495,1.632991394115361,josh jung
2024,"Ward, Taylor",621493,108,662,2598,7.149866793285844,-13.773943818543552,-10.47983588105447,19.70793767693633,11.69570881594754,taylor ward
2024,"Grichuk, Randal",545341,109,278,1088,12.36262806820122,10.817226898747968,-11.019739933283915,7.198502180223619,5.366638922513575,randal grichuk
2024,"Del Castillo, Adrian",680728,109,87,336,3.2589232681060323,1.472777937053189,-1.2541855624006624,1.887547052170975,1.15278384128253,adrian del castillo
2024,"Westbrook, Jamie",642197,111,48,200,-0.925443633563378,-3.9564044523206263,0.7587032762678926,1.2925362104622298,0.979721332027128,jamie westbrook
2024,"Nido, Tomás",621512,112,140,506,-5.879492980449644,-4.562062180502822,-3.092161349075856,0.6970576970895672,1.0776728520394736,tomas nido
2024,"Mervis, Matt",670223,112,28,98,-3.750101171995266,-1.1750599145814469,-2.7511858165539818,-0.039134134629243,0.215278693769406,matt mervis
2024,"Fairchild, Stuart",656413,113,233,853,-0.0707939822970952,-1.448598823240138,-11.89741483214571,8.907074756942711,4.368144916146039,stuart fairchild
2024,"Arias, Gabriel",672356,114,161,578,-6.5601034532414655,-2.691065783358145,-5.359951842341099,-0.2797781602740824,1.7706923327318564,gabriel arias
2024,"Hilliard, Sam",656541,115,157,648,5.313513908365527,5.33426320818784,-5.4941864767948525,3.744655461596005,1.728781715376528,sam hilliard
2024,"Shewmake, Braden",669699,145,67,214,-9.764002682075708,-5.838074852828852,-4.4161234434961765,0.0973744674644102,0.3928211467849138,braden shewmake
2024,"Caratini, Victor",605170,117,272,1039,2.5842233550016545,-1.8566848941987335,-6.054713497664725,7.1255314612832015,3.370090285581925,victor caratini
2024,"Renfroe, Hunter",592669,118,424,1652,1.246471267855959,-8.313534865387892,-9.452352472328656,11.871717941664022,7.140640663908473,hunter renfroe
2024,"Burger, Jake",669394,146,577,2081,9.038909568348735,12.4247508776255,-16.054525612542015,3.4444211791091357,9.22426312415607,jake burger
2024,"Lopez, Otto",672640,146,434,1545,1.0840817877913986,6.391373789593891,-18.281496856548472,7.94082339114407,5.0333814636018985,otto lopez
2024,"Hensley, David",682073,146,57,250,-3.325697220399296,-1.6278562624145037,-4.101231135625614,1.0522609260928812,1.3511292515479405,david hensley
2024,"Mitchell, Garrett",669003,158,224,891,6.705314100802308,4.226766682858482,-8.020756035704764,5.968850971914944,4.530452481733647,garrett mitchell
2024,"Miranda, Jose",669304,142,428,1540,2.656482526881145,-4.664757240939494,-3.964097235810396,6.422709362789807,4.862627640841224,jose miranda
2024,"Verdugo, Alex",657077,147,620,2342,-17.47491718921157,-19.246553714047444,-23.77070070856075,17.59669059052028,7.945646642876354,alex verdugo
2024,"Gray, Tristan",656484,133,31,123,-4.090035624467469,-1.992534906923604,-2.3930010940125603,0.1388754178747023,0.156624958593992,tristan gray
2024,"Reynolds, Bryan",668804,134,689,2604,21.901637130492844,13.166189337612312,-17.26052493400989,11.24219912330556,14.753773603584838,bryan reynolds
2024,"Williams, Alika",675961,134,96,336,-5.4242912172878,-4.694987655676052,-3.402366735231452,1.1274209456214208,1.545642227998279,alika williams
2024,"Rosario, Eguy",666703,135,57,226,1.538275374839762,0.3161537812779471,-0.453305533053692,0.600297507644496,1.0751296189710104,eguy rosario
2024,"Estrada, Thairo",642731,137,381,1309,-15.62124556821165,-5.83928720825652,-15.074459045113317,1.6869384339555618,3.605562251202626,thairo estrada
2024,"Sabol, Blake",666165,137,37,124,-0.0910344677803738,0.3569342417471263,-1.7592318281181425,0.9925114814774544,0.3187516371131892,blake sabol
2024,"McCray, Grant",687529,137,130,519,-2.723867812402713,2.911778491561568,-7.316710841599018,0.6857826861123801,0.9952818515223564,grant mccray
2024,"Baker, Luken",663609,138,49,201,-0.727240446811268,-2.50111441475037,0.4197893169400843,1.3615489280686948,-0.0074642770696786,luken baker
2024,"Jankowski, Travis",608671,140,207,819,-13.1621787489233,-13.5325967941633,-9.414542079226118,5.867285237736848,3.9176748867292654,travis jankowski
2024,"Adams, Riley",656180,120,129,531,-2.6864753947882187,-6.72463552136988,0.1144791178806563,2.717565501363674,1.206115507337331,riley adams
2024,"Millas, Drew",686452,120,62,252,-3.3434022994775874,-0.7524702907726735,-6.024034792730613,2.284987939426167,1.1481148445995264,drew millas
2024,"Perdomo, Geraldo",672695,109,388,1580,0.4165173319948038,-8.405345222434736,-12.104715120108024,14.834920397412883,6.091657277124676,geraldo perdomo
2024,"Short, Zack",670097,144,88,391,-5.495927282973417,-6.301642604734598,-5.27517224939221,4.208445477697332,1.8724420934560568,zack short
2024,"Mullins, Cedric",656775,110,499,1938,-1.0200490311745485,-10.151049617847152,-11.00063085123711,13.79301586506609,6.33861557284358,cedric mullins
2024,"Gomes, Yan",543228,112,96,375,-10.281466396790789,-2.9007799611356733,-5.746602509853063,-1.8549960754793984,0.220912149677345,yan gomes
2024,"Schneemann, Daniel",682177,114,221,901,-1.5901317690213403,-3.3678968378689587,-6.745915248968756,6.1602886874074345,2.36339163040894,daniel schneemann
2024,"Bryant, Kris",592178,115,155,608,-4.659743616881064,-5.191495640468186,-5.793395757686314,1.5562904260057795,4.768857355267655,kris bryant
2024,"Montero, Elehuris",660707,115,247,923,-10.93879951477481,-1.775777560731973,-12.476945124889978,0.3318563803780727,2.9820667904690743,elehuris montero
2024,"Jones, Nolan",666134,115,295,1301,-5.189652433373949,-8.814575147256098,-11.687999745274304,12.027312966778286,3.2856094923781582,nolan jones
2024,"Mendick, Danny",664901,145,141,540,-7.575393034140049,-3.947691115447903,-7.628060328679357,2.472323950339124,1.5280344596480853,danny mendick
2024,"Dingler, Dillon",693307,116,87,331,-7.08240181281352,-0.9596441267608508,-8.012523182249312,1.24950538599421,0.6402601102024335,dillon dingler
2024,"Gamel, Ben",592325,117,98,381,0.7165571794131074,-5.088642618542257,0.4685616310733758,3.4380498392825105,1.898588327599477,ben gamel
2024,"Alvarez, Yordan",670541,117,617,2264,48.0819881391153,11.309448522485532,5.170714846773064,19.644831423165147,11.956993346691595,yordan alvarez
2024,"Barnes, Austin",605131,119,156,593,-3.752791826378855,-5.045620494198156,-6.565508330915818,5.786325792027898,2.07201120670722,austin barnes
2024,"Myers, Dane",667472,146,108,425,1.5563133031141947,1.1926011061364443,-3.86341233028289,2.1978781083294154,2.029246418931225,dane myers
2024,"Ortiz, Joey",687401,158,511,2124,4.828681268985863,-11.001575489744194,-7.370584828151785,14.870606625525058,8.330234961356783,joey ortiz
2024,"Davis, J.D.",605204,147,157,587,-5.255043188092732,-6.838010222570429,-7.39692436025836,5.613696822616759,3.3661945721192925,j.d. davis
2024,"Andujar, Miguel",609280,133,319,1176,-1.8026325252187263,-1.984541690972667,-9.72509879942814,5.619124985186114,4.287882979995976,miguel andujar
2024,"Harper, Bryce",547180,143,620,2469,34.06136361223144,14.062652285536798,-11.263844256339366,18.978751057062933,12.283804525970863,bryce harper
2024,"McCutchen, Andrew",457705,134,513,2163,9.105553954646206,-2.0699503783843896,-18.00820420395513,19.55202616577179,9.63168237121394,andrew mccutchen
2024,"Bogaerts, Xander",593428,135,462,1791,-4.721270020472982,-7.40873465326344,-14.736073647258252,10.807750001040503,6.615788279008176,xander bogaerts
2024,"McCoy, Mason",669200,135,57,232,-3.6105052351701112,-3.0013433493043755,-2.1042144305748467,0.5009165248681853,0.994136019840924,mason mccoy
2024,"Murphy, Tom",608596,137,37,152,-3.4204373230209093,-0.1246479297095395,-4.482041864995259,0.5809068747149055,0.6053455969689844,tom murphy
2024,"Encarnacion, Jerar",666464,137,119,490,-0.5637192665517856,2.9047960541326554,-4.677632367788532,-0.7513482986246693,1.9604653457287693,jerar encarnacion
2024,"Ramos, Heliot",671218,137,514,2003,6.9666472015009,6.008395901044104,-15.208906139830171,7.122054751423286,9.04510268886369,heliot ramos
2024,"Taveras, Leody",665750,140,529,2008,-10.126783751686832,-6.492545720747381,-21.43007963986727,11.813782855934432,5.982058752993474,leody taveras
2024,"Langford, Wyatt",694671,140,554,2256,-0.1594028521499519,-6.243384983152367,-20.86379647533822,14.067535227530229,12.880243378810372,wyatt langford
2024,"Wagner, Will",695238,141,86,364,3.61408927174018,3.193479076219892,-2.1942305490600904,1.1337360322421297,1.481104712338248,will wagner
2024,"Blankenhorn, Travis",663905,120,32,122,-4.674881761999764,0.0831923665799112,-4.963250195072531,-0.1113302403863344,0.3165063068791886,travis blankenhorn
2024,"Wood, James",695578,120,335,1404,6.303168303880352,-0.7163331488705753,-9.857119642785586,11.103434388425557,5.77318670711094,james wood
2024,"Hicks, Aaron",543305,108,63,284,-5.586322283846737,-2.555135772056377,-6.19878790758671,1.3093984069763205,1.8582029888200289,aaron hicks
2024,"Trout, Mike",545361,108,125,574,8.125973103098621,5.427974694707921,-4.361509651681126,4.462751738513773,2.596756321558063,mike trout
2024,"Drury, Brandon",592273,108,360,1397,-25.339360803901727,-22.730202029542134,-18.45412443949456,9.247665903908782,6.597299761226168,brandon drury
2024,"Stefanic, Michael",683021,108,124,482,-7.040174722431695,-5.617449955928072,-9.17154289755904,5.333243552745181,2.415574578310244,michael stefanic
2024,"d'Arnaud, Travis",518595,144,342,1354,3.267653546926158,0.0323408292276133,-12.52613869274168,8.058390427067804,7.703060983372405,travis d'arnaud
2024,"Valdez, Enmanuel",665839,111,223,919,-7.283030092076263,-2.2124635399244563,-11.515486888848214,2.678365588384957,3.7665547483114312,enmanuel valdez
2024,"Casas, Triston",671213,111,238,991,11.186771243995306,6.255792299011062,-8.067153431428354,8.670375390658691,4.327756985753928,triston casas
2024,"Crow-Armstrong, Pete",691718,112,408,1421,-6.326261668657064,-2.4763517006508584,-13.915786140388558,3.1106657865521226,6.955210385830215,pete crow-armstrong
2024,"Steer, Spencer",668715,113,654,2621,8.495809047061213,4.577914386275006,-29.3523542760526,21.921533020025183,11.348715916813685,spencer steer
2024,"Ortega, Rafael",542364,145,17,68,-2.0394507740536234,-1.5942930357528289,-1.424719619369641,0.8459052519748073,0.1336566290940393,rafael ortega
2024,"Robinson, Chuckie",642020,145,76,298,-10.00655840496316,-3.58069604439192,-9.34805281833945,1.942764536311601,0.9794259214566134,chuckie robinson
2024,"Loftin, Nick",679845,118,171,626,-7.159025804739136,-6.995775179143384,-9.671951980255136,7.359705642333378,2.1489957123259957,nick loftin
2024,"Edman, Tommy",669242,119,153,567,1.1099425405911083,6.4823978607370485,-10.728422505488393,3.0850007316213577,2.2709664537210923,tommy edman
2024,"Pages, Andy",681624,119,441,1719,-4.642227957599054,0.4367273257198398,-18.22803630722326,6.874072321666206,6.275008702238153,andy pages
2024,"Pereda, Jhonny",640902,146,40,158,-2.3560756110447763,-1.0719376697134049,-3.4843385363136745,1.2242869117325428,0.97591368324976,jhonny pereda
2024,"Stowers, Kyle",669065,146,209,819,-8.651456358876905,-2.557024605817469,-12.42581287395872,3.2903711947634755,3.041009926135784,kyle stowers
2024,"Winker, Jesse",608385,121,506,2063,13.223332022610574,-10.18917030947747,-6.697729261316874,21.45370893245755,8.656522660947418,jesse winker
2024,"Rojas, Johan",679032,143,363,1329,-7.798128928387957,-2.226817527218128,-16.185881688666218,5.562151866110392,5.052418421385982,johan rojas
2024,"Cook, Billy",695257,134,49,184,-1.6071171252992722,-1.10150534368775,-0.5751127370225251,-0.5988066807881078,0.6683076361991099,billy cook
2024,"Wade, Tyler",642180,135,156,587,-7.964527640474836,-7.638667139552496,-4.91600255865003,2.190021546461332,2.4001205112663526,tyler wade
2024,"Lee, Jung Hoo",808982,137,158,569,-3.140239914685455,-12.871886186182667,1.0629943095128138,6.054807851870256,2.6138441101141314,jung hoo lee
2024,"Nootbaar, Lars",663457,138,403,1659,6.737002917396628,-12.5336820160774,-2.2950533158606383,14.829906766657508,6.735831482677125,lars nootbaar
2024,"Siani, Michael",672279,138,333,1288,-17.614136977240236,-11.7997648123673,-18.38820129141901,8.457881614621177,4.115947511924919,michael siani
2024,"Abrams, CJ",682928,120,599,2261,3.9923667727165633,3.370102841336731,-21.58519238159801,11.688536849629775,10.5189194633481,cj abrams
2024,"Tromp, Chadwick",644433,144,54,182,-1.7397487108456091,0.2983051565201335,-1.458882839716718,-0.6217377648680043,0.0425667372189787,chadwick tromp
2024,"Riley, Austin",663586,144,469,1822,13.3625622433981,4.872082788111602,-7.9081639046740415,9.093591648304198,7.3050517116563585,austin riley
2024,"Mountcastle, Ryan",663624,110,507,1901,7.505678847306651,-4.116191462129788,-0.6974027333123931,4.870331312755597,7.448941729993235,ryan mountcastle
2024,"Cooper, Garrett",643265,111,116,450,-5.307944891810293,-2.75522256779541,-6.186723814394498,2.4012323371459607,1.232769153233656,garrett cooper
2024,"Gonzalez, Romy",663853,111,216,826,-1.2029865775475816,2.46634736730714,-11.139834407609372,3.620396729335597,3.850103733419045,romy gonzalez
2024,"Tauchman, Mike",643565,112,350,1537,1.5407369030418931,-11.63180644444592,-9.32830024123444,15.271878181316064,7.228965407406161,mike tauchman
2024,"Vázquez, Luis",676679,112,14,51,-2.831851579953809,-1.0096599040489207,-1.8175450455766096,-0.1815818636535364,0.1769352333252583,luis vazquez
2024,"India, Jonathan",663697,113,637,2652,11.19157812885476,-9.065852035134702,-18.635179786515515,26.781667243340618,12.110942707164346,jonathan india
2024,"Stephenson, Tyler",663886,113,513,1947,18.61691920039865,6.152730070523905,-7.589303341233917,11.212735373730078,8.840757097378638,tyler stephenson
2024,"Sheets, Gavin",657757,145,498,2087,-11.138583991956043,-13.058781177124338,-21.41809308984326,14.14922915184546,9.189061123166136,gavin sheets
2024,"Sosa, Lenyn",672820,145,368,1377,-11.583826149474357,-2.825051877717289,-16.51170918563688,4.15133666974401,3.601598244135845,lenyn sosa
2024,"Sweeney, Trey",700242,116,119,448,-3.697659853781425,-0.8786971367198896,-4.89058829075236,0.757199381418848,1.3144261922719775,trey sweeney
2024,"Altuve, Jose",514888,117,680,2454,16.758186386686145,-2.836604403526516,-7.2266478876741855,14.920063679041522,11.90137499884535,jose altuve
2024,"Fermin, Freddy",666023,118,367,1434,-4.766325943695049,-7.990523458310084,-13.061318395529687,9.596537977212073,6.688977932932643,freddy fermin
2024,"Conine, Griffin",665052,146,89,334,1.8651051267931,1.5300351828355307,-2.0859744190375986,0.9758238502637252,1.4452205127314404,griffin conine
2024,"Cronenworth, Jake",630105,135,656,2752,6.306695483958722,3.916128275158712,-31.315580625816622,21.74054929967575,11.965598534941025,jake cronenworth
2024,"Arraez, Luis",650333,135,669,2416,4.506051677862805,-19.37666890107652,-0.309535533826007,15.487520715481818,8.70473539728355,luis arraez
2024,"Contreras, Willson",575929,138,356,1382,13.702307119213822,-0.2789501341634713,-1.701312807415888,7.526625948084984,8.15594411270823,willson contreras
2024,"Vogelbach, Daniel",596129,141,77,352,-1.3556144938256078,-3.641307589905321,-4.551060579564395,5.482201777738708,1.354551897905398,daniel vogelbach
2024,"Barger, Addison",680718,141,225,860,-8.73677171309447,-7.703554730613593,-8.320162292669878,4.460890722896219,2.826054587292788,addison barger
2024,"Moniak, Mickey",666160,108,418,1534,-6.502588099787609,3.443685823745716,-17.450856067760213,1.95891663574956,5.545665508477309,mickey moniak
2024,"Hiura, Keston",669374,108,27,93,-4.120422859119314,-1.4229383257073849,-2.905628298900605,0.0990214100705666,0.1091223554181083,keston hiura
2024,"O'Hoppe, Logan",681351,108,521,1983,0.2691985069722689,10.592112607545902,-27.52660487100677,8.05531530107352,9.14837546935963,logan o'hoppe
2024,"Marte, Ketel",606466,109,576,2146,34.65350859741178,1.850858444139416,7.8342416583801455,15.046284447801373,9.92212404709081,ketel marte
2024,"Carroll, Corbin",682998,109,684,2648,11.232402574816165,-4.446819204243979,-27.20810291847812,26.66911313444818,16.218211563090183,corbin carroll
2024,"Laureano, Ramón",657656,144,309,1180,4.1915424854091405,2.430838990352389,-10.131156110656017,6.430729832083027,5.461129773629737,ramon laureano
2024,"Murphy, Sean",669221,144,261,1064,-2.915636075727552,-1.6893609949299504,-9.684069668696608,4.932233967326365,3.525560620572637,sean murphy
2024,"Mateo, Jorge",622761,110,208,820,-6.310123015018559,-0.6214593686527616,-10.234395240409652,0.9307078016761748,3.615023792367669,jorge mateo
2024,"Jiménez, Eloy",650391,110,348,1201,-15.27945344310048,-10.700501456602664,-13.847375277226142,4.172629604009647,5.095793686718655,eloy jimenez
2024,"Jansen, Danny",643376,111,322,1367,-2.704522414955565,-5.899530093184971,-16.19512194242155,12.296746314498764,7.093383306152161,danny jansen
2024,"Grissom, Vaughn",687093,111,114,443,-8.972597989097485,-4.852543874815223,-6.518114059479313,1.3299535292011877,1.0681064159958649,vaughn grissom
2024,"Candelario, Jeimer",600869,113,462,1781,4.723497414526388,9.989658181742184,-19.64625702334672,6.840108613144454,7.539987642986482,jeimer candelario
2024,"Wynns, Austin",642851,113,20,75,1.439626752833287,0.8411936660579998,0.693401169237391,-0.5434991092084586,0.4485310267463537,austin wynns
2024,"Ramírez, José",608070,114,670,2735,31.786484166417495,-1.2131686615377812,-0.648417497605533,21.36285725717359,12.285213068387158,jose ramirez
2024,"Freeman, Tyler",671289,114,382,1381,-12.580940308979253,-17.326157061458105,-10.534108977161573,7.339355525791525,7.939970203848916,tyler freeman
2024,"McCormick, Chas",676801,117,267,1010,-9.124756107091413,-6.517529414498162,-11.596210086108684,3.964969843465615,5.024013550049806,chas mccormick
2024,"Garcia, Maikel",672580,118,626,2360,-23.907245337598276,-34.08394797399117,-13.713789700120568,16.75329614720291,7.137196189310518,maikel garcia
2024,"Hernández, Enrique",571771,119,393,1518,-9.950592555974977,-8.43759916691836,-17.76808662876389,11.272772020888633,4.982321218818631,enrique hernandez
2024,"Lux, Gavin",666158,119,487,1939,-1.3803846780686586,-6.476526683684397,-17.926151593942567,14.847555491501856,8.174738108056378,gavin lux
2024,"Fortes, Nick",663743,146,334,1154,-17.100109410272022,-12.562158102117072,-13.894373531153333,6.089741373970189,3.266680849028196,nick fortes
2024,"Wallner, Matt",670242,142,261,1030,13.01082007357958,2.232464795270212,-6.092330978767377,9.721210974037255,7.149475283039512,matt wallner
2024,"Wendle, Joey",621563,121,37,134,-2.985467855832168,-0.9372594748126972,-2.525405853932128,0.003581092340628,0.4736163805720302,joey wendle
2024,"Wilson, Jacob",805779,133,103,349,-4.4023325629146655,-2.650584016657902,-4.079617895956359,1.85967943853986,0.4681899111597319,jacob wilson
2024,"Dahl, David",621311,143,62,266,-1.4668498931476404,-0.2444425938457514,-2.932741402933748,-0.1713601299381692,1.8816942335700284,david dahl
2024,"Bohm, Alec",664761,143,604,2122,11.603618440413117,-7.506750644601635,-1.2000139231898224,14.41692555140897,5.89345745679565,alec bohm
2024,"Peralta, David",444482,135,260,1014,2.2429658240456445,-1.459414992359192,-4.307545102085843,5.045831105231232,2.964094813259444,david peralta
2024,"Johnson, Bryce",669369,135,73,263,-4.114772145511667,-3.806667282283573,-2.311624248525977,1.1364586402329548,0.8670607450649258,bryce johnson
2024,"Polanco, Jorge",593871,136,466,1945,-8.550109359890898,-5.724217882793179,-27.529304518599726,15.028176917534992,9.675236123967023,jorge polanco
2024,"Casali, Curt",592200,137,125,476,-5.762557219938251,-8.474150352917128,-3.6053513839156417,4.643231040253001,1.673713476641514,curt casali
2024,"Scott II, Victor",687363,138,155,568,-7.614363149468517,-3.1327595596759648,-10.05467742053468,3.0295746410014326,2.5434991897406958,victor scott ii
2024,"Pinto, René",650907,139,49,185,0.3707874954319891,0.863821146897938,-3.092492885523741,1.485496747038319,1.1139624870194746,rene pinto
2024,"Driscoll, Logan",686482,139,37,130,-4.271579813679537,-2.0064554342867797,-3.2434577290902125,0.6199588604591871,0.3583744892382633,logan driscoll
2024,"Knizner, Andrew",668800,140,93,360,-10.602978843381544,-5.2760755507323065,-6.877939251488988,-0.056995468235811,1.608031427075567,andrew knizner
2024,"Horwitz, Spencer",687462,141,379,1582,9.769842733698528,-14.115273993339471,4.449703716964337,11.196218724084558,8.239194285989118,spencer horwitz
2024,"Vargas, Ildemaro",545121,120,303,1058,-11.7213022779968,-7.502522764013892,-15.570085199830135,7.807031695499184,3.5442739903480738,ildemaro vargas
2024,"Gallo, Joey",608336,120,259,1075,-7.292881595970465,-1.742163220140836,-20.50051880199229,9.517252986150387,5.432547440012316,joey gallo
2024,"Campero, Gustavo",672569,108,48,177,-1.4040295979406014,-0.6858335536849012,-0.8613578267809345,-0.6197007635324511,0.762862546057686,gustavo campero
2024,"Díaz, Aledmys",649557,117,34,116,-6.351693657608076,-1.5303282541502874,-4.770431251193648,-0.2435492055997779,0.1926150533356381,aledmys diaz
2024,"Cameron, Daz",663662,133,186,715,-9.445944561193889,-1.9685221112616849,-12.84313756361129,2.7997158679685583,2.5659992457105187,daz cameron
2024,"Alvarez, Armando",669137,133,39,139,-2.2996228445700746,-0.3822199243334043,-1.8305582011368624,-0.1786956137586718,0.091850894658864,armando alvarez
2024,"Harris II, Michael",671739,144,469,1685,3.431220833624548,2.241333869044297,-5.897842514396954,2.504180583469376,4.583548895507833,michael harris ii
2024,"Herrera, Iván",671056,138,259,1036,6.150100028398252,-1.9310332687185945,-2.6368637320135413,6.726491783509595,3.991505245620794,ivan herrera
2024,"Chapman, Matt",656305,137,642,2705,21.092848290220783,2.6584196269163445,-16.697285478762737,22.134455082487097,12.997259059580092,matt chapman
2024,"Locklear, Tyler",682988,136,49,196,-3.621368820349397,-0.0757154843692919,-5.368808625714654,0.9388590616730248,0.8842962280615237,tyler locklear
2024,"García, Avisaíl",541645,146,51,186,-3.059969661606431,-2.4681862063073194,-0.9432012633934476,-0.0209159261444986,0.3723337342388333,avisail garcia
2024,"Gordon, Nick",624503,146,275,1008,-11.264493423442564,-3.3991045991686644,-10.55854832946213,-1.022536341006261,3.715695846194497,nick gordon
2024,"Sanoja, Javier",691594,146,36,118,-1.7087518256851255,-0.3659699901418914,-0.9079035327508964,-0.325394541352326,-0.1094837614400117,javier sanoja
2024,"Ruiz, Keibert",660688,120,485,1659,-18.022353278058965,-15.030894161393444,-17.26477030600042,8.426145432537313,5.847165756797596,keibert ruiz
2024,"Young, Jacob",696285,120,521,1955,-11.801157867518413,-19.085942062714278,-13.709197348005516,11.002715375709965,9.991266167491396,jacob young
2024,"Castellanos, Nick",592206,143,656,2344,7.768245604812706,3.3438189634134026,-12.170074053136709,6.578968118595635,10.015532575940355,nick castellanos
2024,"Clemens, Kody",665019,143,120,468,-1.1563279203410113,-0.1058406177919684,-2.0415900359577,-0.5859828195887672,1.5770855529974186,kody clemens
2024,"Joe, Connor",656582,134,415,1651,0.7061683899597763,-10.059527752096583,-10.102131238444567,12.415858255289606,8.451969125211315,connor joe
2024,"Kelly, Carson",608348,140,311,1163,-2.7665368652175677,-4.951213687642518,-12.3640273541149,8.801947077728252,5.746757098811592,carson kelly
2024,"Lowe, Josh",666139,139,383,1672,-1.7167124252062531,-3.877961786084612,-8.786972813169543,5.06792675481572,5.880295419232191,josh lowe
2024,"Morel, Christopher",666624,139,608,2352,-15.08932063368905,-8.515899502107402,-31.30568398449527,14.378538244176855,10.35372460873682,christopher morel
2024,"Caballero, José",676609,139,482,1894,-13.395290163947656,-10.949424667199125,-18.72398217997309,8.291780796551745,7.986335886672703,jose caballero
2024,"Sogard, Nick",686765,111,86,348,-2.43272794121026,-2.8332666256108587,-4.528428937816602,2.8860742515451627,2.0428933706720414,nick sogard
2024,"Hinds, Rece",677956,113,51,183,4.76737881204896,7.394766652311776,-3.232019267139371,0.1479757752072525,0.4566556516693005,rece hinds
2024,"Stallings, Jacob",607732,115,280,1073,6.680080731809016,2.331817654786196,-8.186583691972404,6.8879586877640255,5.646888081231206,jacob stallings
2024,"Gurriel, Yuli",493329,118,65,281,-0.8041199475117093,-2.314238559430802,-2.4052572310876146,1.7951651081091613,2.1202107348975474,yuli gurriel
2024,"Margot, Manuel",622534,142,343,1308,-12.630717948069972,-9.19726573687709,-16.55882315618946,8.23672146290177,4.888649482094827,manuel margot
2024,"Judge, Aaron",592450,147,683,2882,97.39442623806332,40.17639016849038,8.693822619320832,31.406926759162427,17.117286691089625,aaron judge
2024,"Domínguez, Jasson",691176,147,66,272,-0.3553197777196428,0.2540236536511538,-2.956292482690798,1.727451421831402,0.6194976294885994,jasson dominguez
2024,"Herrera, Jose",645444,109,114,501,-2.7905936629269408,-4.872084912882159,-4.11700854259894,4.364660288912878,1.833839503641276,jose herrera
2024,"Merrifield, Whit",593160,144,335,1330,-9.114127576615648,-12.508596185305615,-13.721592739463723,10.845779202515514,6.270282145638157,whit merrifield
2024,"White, Eli",642201,144,42,160,1.2197642288977355,-1.3244560028561565,1.013385528693144,0.4197028503125866,1.111131852748163,eli white
2024,"Westburg, Jordan",676059,110,447,1634,9.759848956451869,9.390835763226832,-17.42900069721332,8.34503883986061,9.452975050577722,jordan westburg
2024,"Mayo, Coby",691723,110,46,188,-6.608786168838739,-3.2945396016828825,-5.085214294040909,0.8978103019196623,0.8731574249653868,coby mayo
2024,"Friedl, TJ",670770,113,341,1286,0.846984639049611,-9.620377595088888,-8.719409699172516,11.74818132385412,7.438590609456861,tj friedl
2024,"McMahon, Ryan",641857,115,640,2723,-1.999419202782339,-16.951215325370395,-10.207199324404908,17.16043667945104,7.99855876754189,ryan mcmahon
2024,"Remillard, Zach",621545,145,39,151,0.9054290302877712,0.0207874679609623,-0.9880679949171448,1.4941314321502928,0.3785781250936596,zach remillard
2024,"Vierling, Matt",663837,116,562,2299,1.720138506512087,-5.355300796731007,-20.45933429645274,19.115243522864365,8.419530076831492,matt vierling
2024,"Dubón, Mauricio",643289,117,428,1450,-6.269669569930303,-13.302088462762336,-3.739709262431847,6.691756664831815,4.080371490432097,mauricio dubon
2024,"Perez, Salvador",521692,118,643,2301,10.207629910111663,0.1555141701041908,-4.218503216850621,3.303141943701808,10.967477013156367,salvador perez
2024,"Hampson, Garrett",641658,118,230,883,-14.95536687160924,-13.509918583199228,-7.5369189798161855,3.442309059096476,2.649161632309721,garrett hampson
2024,"Muncy, Max",571970,119,290,1208,11.099922699341612,2.7258132137297006,-12.661405603413275,13.244500734448696,7.7910143545765,max muncy
2024,"Norby, Connor",681393,146,194,759,-5.235913679762222,4.656848315036952,-15.03056792921181,2.8739276586788973,2.2638782757337297,connor norby
2024,"Yelich, Christian",592885,158,312,1268,18.708526854314066,5.969568565961608,-6.072613090288251,12.040467690230262,6.771103688410468,christian yelich
2024,"Sánchez, Gary",596142,158,280,1158,1.2217500125361962,-9.109494146008016,-4.778817060877758,9.1958537508696,5.91420746855238,gary sanchez
2024,"Haase, Eric",606992,158,69,270,4.325515979840894,6.025108426200634,-2.349522740689212,-0.1224323726346912,0.7723626669641654,eric haase
2024,"Monasterio, Andruw",655316,158,142,647,-3.416853680385432,-6.192233949319665,-5.42485851076111,5.711751574337678,2.488487205357663,andruw monasterio
2024,"Castro, Willi",650489,142,635,2509,8.516508409119812,-2.811241920369718,-16.496871346801576,13.04456896223589,14.780052714055174,willi castro
2024,"Kirilloff, Alex",666135,142,177,677,-4.742569347236162,-6.654114066000326,-3.558810948240516,3.540480501968584,1.929875165036094,alex kirilloff
2024,"Lindor, Francisco",596019,121,689,2713,25.53405555480164,2.595385340639913,-12.639341348322125,20.922741381996275,14.655270180487392,francisco lindor
2024,"Wells, Austin",669224,147,414,1638,-0.5155663490470983,-0.8429425001613758,-21.075463563780563,12.798956335164783,8.603883379730085,austin wells
2024,"Langeliers, Shea",669127,133,532,1993,2.3219400290277505,-0.4923378676377788,-14.385600745415667,10.04888529604885,7.15099334603242,shea langeliers
2024,"Soderstrom, Tyler",691016,133,212,770,1.96625924841885,-1.2205049124483704,-4.633546681484306,4.2690055975177055,3.5513052448338085,tyler soderstrom
2024,"Marchán, Rafael",665561,143,56,195,5.16072156370815,2.351872667963075,0.6182436121136652,1.4461073475931323,0.7444979360382822,rafael marchan
2024,"Kiner-Falefa, Isiah",643396,134,494,1701,-5.5677898930565775,0.9407094832393542,-21.624561826249387,7.626554936875636,7.489507513077845,isiah kiner-falefa
2024,"Profar, Jurickson",595777,135,664,2739,25.165924878439395,-12.87882323123029,-5.084970415810603,27.337448328600363,15.79227019687974,jurickson profar
2024,"Vosler, Jason",613564,136,30,120,-2.3876484063051366,-1.261902960380528,-1.9295164239461096,-0.0514289502300074,0.8551999282515087,jason vosler
2024,"Siri, Jose",642350,139,447,1788,-12.926383958625127,-7.905530443603768,-15.806098588766682,4.254601645352448,6.530643428392838,jose siri
2024,"Misner, Kameron",670224,139,15,65,-3.4897416592759454,-0.8717844338310613,-2.683930908064192,-0.0508027693312937,0.1167764519506022,kameron misner
2024,"Schanuel, Nolan",694384,108,607,2356,3.5811059834070247,-7.840563761123569,-23.543752266882272,22.14311491744805,12.822307093964792,nolan schanuel
2024,"Pederson, Joc",592626,109,447,1810,31.89444133405818,-1.2413253079907718,3.935731515725744,16.572244003110445,12.627791123212758,joc pederson
2024,"Bell, Josh",605137,109,602,2238,10.608326544477633,-1.2146184872332244,-17.191507020974527,18.582050298409506,10.4324017542759,josh bell
2024,"Smith, Pavin",656976,109,158,631,8.111206967343017,2.386483543342886,-2.164875938406558,4.837258042419322,3.0523413199873684,pavin smith
2024,"McCarthy, Jake",664983,109,494,1786,4.691606635404716,-10.731437700267232,-7.133864746468272,14.10773256268387,8.449176519456346,jake mccarthy
2024,"McCann, James",543510,110,233,875,-2.364883106100797,0.6885600576979238,-6.27439320906017,0.0122715240228682,3.208678521238573,james mccann
2024,"Santander, Anthony",623993,110,662,2738,29.28525641645666,12.224677151399346,-15.424303088473604,18.584594070509755,13.900288283021126,anthony santander
2024,"Suzuki, Seiya",673548,112,582,2509,28.657740171919038,14.662370745616514,-16.931185981247246,18.613078216774586,12.313477190775124,seiya suzuki
2024,"Cave, Jake",595909,115,345,1345,-8.698987966497132,-7.682860319321143,-8.494568613649752,4.499965762445546,2.9784752040282587,jake cave
2024,"Senzel, Nick",669222,145,266,1005,-8.357666523712483,-5.064636183841496,-14.034146591111975,7.187748114928749,3.5533681363122445,nick senzel
2024,"Bregman, Alex",608324,117,633,2393,10.123255479288582,7.420377989256296,-25.81544931546076,18.357858555772378,10.160468249720632,alex bregman
2024,"Salazar, César",663967,117,32,111,0.8903854881326752,0.6721245558643256,-1.4718155637886017,1.094365015183301,0.5957114808736504,cesar salazar
2024,"Dezenzo, Zach",701305,117,65,245,0.4709221492518209,3.387570461244483,-5.125202919520111,1.6717142678797017,0.5368403396477469,zach dezenzo
2024,"Frelick, Sal",686217,158,523,2046,-8.20310216817322,-19.05130787527097,-13.686523469294746,13.22207416634982,11.312655010042665,sal frelick
2024,"Berti, Jon",542932,147,74,271,-0.3884753387108972,-2.685550737316932,-1.0257899068173315,1.6485453233186973,1.6743199821046708,jon berti
2024,"Hernaiz, Darell",687231,133,135,510,-7.783702342222894,-3.6329065216743306,-11.408244888924155,4.959387379456458,2.2980616889191245,darell hernaiz
2024,"Stott, Bryson",681082,143,569,2307,-7.443820382231393,-18.286292367242787,-16.935689169161595,19.5528117882934,8.225349365879566,bryson stott
2024,"Pauley, Graham",688363,135,32,140,-4.154122336549494,-2.4177165814334622,-2.156590245905429,0.3031682527915086,0.1170162379978889,graham pauley
2024,"Raley, Luke",670042,136,455,1713,11.961525929858038,11.329318407190758,-21.248694270809555,10.90987295958274,10.971028833894136,luke raley
2024,"Walton, Donovan",622268,137,25,96,-1.9404215851067117,-1.5156780052251069,-1.5351061780003752,0.6452043155775509,0.465158282541218,donovan walton
2024,"Ramírez, Harold",623912,120,246,878,-11.47760473031336,-4.256059201052353,-10.336864217492732,0.7334772624917328,2.38184142574002,harold ramirez
2024,"Adrianza, Ehire",501303,108,28,118,-0.7608616291979192,-1.2942892776125012,0.1664959008088858,-0.1035252585824486,0.4704570061881445,ehire adrianza
2024,"Adell, Jo",666176,108,450,1840,-4.286791541256367,1.2071055521654592,-22.43719724149185,7.931679796333368,9.011620351736704,jo adell
2024,"Alexander, Blaze",677942,109,185,713,-2.7128917828270227,-3.5851593938812742,-6.275508805070912,3.816174304406577,3.331602111718584,blaze alexander
2024,"Duvall, Adam",594807,144,330,1252,-14.02628944252986,-9.733117167530212,-14.616948414372096,3.1646806006119266,7.15909553876052,adam duvall
2024,"Bote, David",623520,112,48,162,-0.4343427076160966,2.841033989789242,-3.849226272574085,-0.2192326660703789,0.793082241239126,david bote
2024,"Hedges, Austin",595978,114,146,547,-14.82279296592028,-8.83303333414143,-9.579471530067782,1.217616062977111,2.372095835311824,austin hedges
2024,"Ramos, Bryan",682868,145,108,418,-1.5354323520809674,-4.13897813680759,-0.4396548857252551,1.4042108332956538,1.6389898371562226,bryan ramos
2024,"Báez, Javier",595879,116,286,1020,-20.061912713844023,-7.709952563957587,-14.649673625813646,-2.2427354517355065,4.540448927662638,javier baez
2024,"Isbel, Kyle",664728,118,426,1582,-7.741032419437441,-10.77996705472237,-8.270610261282883,6.898953549894884,4.410591346672921,kyle isbel
2024,"Freeman, Freddie",518692,119,628,2521,25.402352047761354,0.2357878774163029,-9.14528276409676,19.98908750342017,14.322759431021352,freddie freeman
2024,"Edwards, Xavier",669364,146,302,1185,11.28633956259247,-2.758816863712564,-0.5723268348254857,10.486395062339678,4.131088198790859,xavier edwards
2024,"Lee, Brooks",686797,142,183,614,-10.060811434439197,-7.722120741174884,-7.064012161173289,3.35486283297498,1.3704586349340118,brooks lee
2024,"Taylor, Tyrone",621438,121,344,1323,0.6494255186431985,-1.354753539935489,-7.28364293786844,3.445409743332993,5.842412253114149,tyrone taylor
2024,"Rooker, Brent",667670,133,610,2378,40.88899102952485,21.21375633277269,-3.071542986676286,14.144306121070448,8.602471562357888,brent rooker
2024,"Higashioka, Kyle",543309,135,263,1062,0.4706325898703668,8.213091107049479,-15.391438036713415,2.733662226822253,4.915317292712038,kyle higashioka
2024,"Zavala, Seby",664874,136,43,171,-3.6389066782137984,-2.0573186715518705,-2.7588350977512808,0.9580627145865698,0.2191843765027848,seby zavala
2024,"Goldschmidt, Paul",502671,138,651,2717,4.128314506974031,-11.364704492436951,-7.714630400018644,14.101365630363018,9.106283769066572,paul goldschmidt
2024,"Díaz, Yandy",650490,139,621,2460,6.100894792392466,-16.298344479880853,-8.354177562319066,19.333573788991085,11.41984304560124,yandy diaz
2024,"Caminero, Junior",691406,139,175,629,-1.6660583925143284,-1.548746308106094,-3.4420701501846143,0.6771745112614681,2.64758355451491,junior caminero
2024,"De Los Santos, Luis",665782,141,31,121,-3.023187931699985,-2.098105263042478,-1.6810186171927315,0.3882414188971259,0.3676945296381003,luis de los santos
2024,"Nuñez, Nasim",683083,120,78,327,0.6154393944710562,-4.305758203747271,-0.9020175348630716,4.7758860080582295,1.0473291250231715,nasim nunez
2024,"Wagaman, Eric",676572,108,74,269,0.4167415907003839,3.1768204136520275,-3.9783771895961,1.11903669114653,0.0992616754979265,eric wagaman
2024,"Williams, Luke",663897,144,52,172,-2.1557066267831564,-1.8143894542647203,-2.0146108541941805,0.3430410387874018,1.3302526428883432,luke williams
2024,"Rivera, Emmanuel",656896,110,302,1151,-6.796072012088748,-4.499984188411395,-16.454664493306147,9.02608743495715,5.1324892346716044,emmanuel rivera
2024,"Kjerstad, Heston",677008,110,112,423,4.202798493697767,4.075366885735038,-3.672018560802501,1.2885318433031303,2.510918325462097,heston kjerstad
2024,"Espinal, Santiago",669289,113,390,1505,-6.85046081153732,-9.136614261498057,-10.372778523590558,8.054076950933746,4.604855022617523,santiago espinal
2024,"Brennan, Will",686823,114,351,1230,-1.245070618202209,-4.300797719516368,-7.271408350862302,6.232178609807197,4.094956842369246,will brennan
2024,"McKinstry, Zach",656716,116,325,1249,-9.83076443217634,-8.731609131967875,-13.741125475371192,7.375175365339583,5.266794809823137,zach mckinstry
2024,"Diaz, Yainer",673237,117,617,2128,11.934665662856696,14.495415357060333,-10.689623495301886,2.235896418745783,5.892977382352477,yainer diaz
2024,"Adames, Willy",642715,158,685,2733,10.791102878980782,-3.333184099352591,-11.529548140042726,13.986185135822426,11.667649982553735,willy adames
2024,"Larnach, Trevor",663616,142,399,1576,8.112460663493783,-3.838049722734884,-7.503543025802912,11.685303669024384,7.768749743007212,trevor larnach
2024,"Rizzo, Anthony",519203,147,375,1432,-7.477401350094646,-2.3699439718876847,-18.037004048788276,4.572016858532472,8.357529812048856,anthony rizzo
2024,"Rice, Ben",700250,147,178,724,-3.674589627886463,0.1571953507828333,-14.116515857755758,7.302039572477282,2.982691306609164,ben rice
2024,"Machado, Manny",592518,135,637,2387,14.491437809054863,2.736075776490329,-4.879523978867108,9.842716071415303,6.792169940016316,manny machado
2024,"Campusano, Luis",669134,135,299,1025,-8.80380467141833,-8.49987371183718,-8.18787860706916,5.717149400796912,2.166798246691092,luis campusano
2024,"Kim, Ha-Seong",673490,135,465,1982,-4.697813043988224,-15.223192535061289,-14.813500552457937,16.72170931923026,8.617170724300658,ha-seong kim
2024,"Haniger, Mitch",571745,136,423,1758,-12.976218735585936,-18.06386889852024,-13.075350002227363,13.465617223458842,4.697382941702806,mitch haniger
2024,"Rivas, Leo",660844,136,86,371,-2.266928115302384,-2.4447603583417004,-4.340499991947535,2.5310983862950214,1.9872338486918284,leo rivas
2024,"Arenado, Nolan",571448,138,632,2452,0.5664174670780984,-3.760497211612672,-20.71982472901894,14.371937201145904,10.674802206563776,nolan arenado
2024,"Lukes, Nathan",664770,141,91,356,2.383533788281309,-0.6278568988317199,-0.8605731043525867,2.7150255051558294,1.1569382863097883,nathan lukes
2024,"Rendon, Anthony",543685,108,238,977,-5.834311324790571,-10.728386476065928,-11.532312405094263,11.646566626029744,4.77982093033985,anthony rendon
2024,"Barnhart, Tucker",571466,109,96,375,-5.212727022659777,-4.242397128693076,-4.737419068377863,2.7601218296500365,1.0069673447611251,tucker barnhart
2024,"Olson, Matt",621566,144,679,2947,17.574800348477808,-4.735290448559644,-10.308671109109678,18.71869756311516,13.900064343032003,matt olson
2024,"Holliday, Jackson",702616,110,208,826,-10.359711750169676,-6.956467288528421,-11.863333032753149,5.034449735780491,3.4256388353313896,jackson holliday
2024,"Fraley, Jake",641584,113,382,1331,-3.724452297668816,-6.450328731028276,-13.409626756742018,9.21904991230918,6.916453277792273,jake fraley
2024,"Smith, Dominic",642086,113,307,1211,-0.8839527466384581,-5.318481423483955,-9.231899302654467,8.390611265360553,5.275816714139368,dominic smith
2024,"Giménez, Andrés",665926,114,632,2400,-16.141230985186315,-19.48984540706796,-21.25105974868913,14.446047754178831,10.15362641639198,andres gimenez
2024,"Beck, Jordan",687597,115,183,659,-10.48709742768906,0.8913327845195841,-14.23486357368732,0.4595136672651164,2.3969196942135453,jordan beck
2024,"Malloy, Justyn-Henry",669234,116,230,992,-4.574735904372737,-1.334856139639648,-16.786140796601366,10.278493451679372,3.267767580188903,justyn-henry malloy
2024,"Waters, Drew",671221,118,19,94,-0.7612208321963411,-0.5125902271857481,-1.5543449271656615,0.2848884591073519,1.0208258630477165,drew waters
2024,"Betts, Mookie",605141,119,513,2047,24.727272901105653,4.90291908816793,-8.81106034718813,20.172572323207334,8.46284183691841,mookie betts
2024,"Dunn, Oliver",686554,158,104,418,-4.613698863520698,-3.371874259547521,-5.6044419688006455,3.096675960687059,1.265941404140406,oliver dunn
2024,"Martin, Austin",668885,142,257,934,-4.422790327070956,-7.174375256500557,-11.93674090067876,10.28444727352329,4.403878556585069,austin martin
2024,"Narváez, Omar",553882,121,69,269,-7.986962056528561,-4.9332154302401,-4.9334004422075175,0.8389890470959245,1.040664768823134,omar narvaez
2024,"Torres, Gleyber",650402,147,664,2813,0.1212538449118472,-14.21779389239741,-26.023142485110704,26.123764612279707,14.238425610140307,gleyber torres
2024,"Schuemann, Max",680474,133,459,1835,-11.47719123457785,-18.78900996838078,-15.882552913921437,16.765410345493034,6.428961302231372,max schuemann
2024,"De La Cruz, Bryan",650559,134,621,2394,-9.6912445733039,-6.8903691468772985,-23.461548291578243,12.66755444601113,7.993118419140573,bryan de la cruz
2024,"Urías, Luis",649966,136,109,452,-0.2399264036339003,-2.743262410220566,-3.958394474014302,4.6081488955861865,1.8535815850147817,luis urias
2024,"Moore, Dylan",664238,136,439,1804,-1.9501561133812075,-19.788768995628505,-10.059050356183144,18.9713601653054,8.926303073125055,dylan moore
2024,"Matos, Luis",682641,137,155,544,-5.361302384634812,-2.8802828247524737,-6.067542549872656,1.7378066939169634,1.8487162960733543,luis matos
2024,"Foscue, Justin",679822,140,44,187,-7.8321526540288176,-4.39346170640739,-4.591652690626002,0.2309458814554768,0.9220158615490992,justin foscue
2024,"Schneider, Davis",676914,141,452,1963,-10.004411552116256,-9.606983319637257,-25.12960243977445,13.500314503882109,11.231859703413337,davis schneider
2024,"Paris, Kyren",677347,108,58,234,-4.522441923006017,-4.670281128306792,-3.0131850987862543,2.6847245075722017,0.4762997965148255,kyren paris
2024,"Moreno, Gabriel",672515,109,349,1531,1.4329892385082128,-5.909000639262866,-10.401679076140956,12.55162158301256,5.192047370899467,gabriel moreno
2024,"Duran, Jarren",680776,111,734,2844,33.56225983269121,21.756675187058352,-11.75275451984976,11.53327122258584,12.02506794289678,jarren duran
2024,"Benson, Will",666181,113,388,1656,-6.421442977895901,-3.302051275704219,-22.758745530546022,13.5813696705712,6.057984157783187,will benson
2024,"Wiemer, Joey",686894,113,28,109,-3.694130015169384,-1.5613366180522488,-2.4443520777515686,0.2703649198490978,0.0411937607853358,joey wiemer
2024,"Florial, Estevan",664314,114,111,450,-0.9212272016633348,0.6799463834029371,-6.905020742653891,3.3472411333437124,1.9566060242439076,estevan florial
2024,"Rocchio, Brayan",677587,114,441,1669,-14.211899619116275,-12.136452043850737,-20.96795044926403,10.820063068548263,8.072439805450266,brayan rocchio
2024,"Noel, Jhonkensy",678877,114,198,725,4.373416021360068,3.4690595602870067,-5.102347213590511,3.133623336350372,2.873080338313195,jhonkensy noel
2024,"Kwan, Steven",680757,114,540,2165,14.86778564510657,-12.975338271807612,-1.2039247784161184,22.11417146714806,6.932877228182195,steven kwan
2024,"Schunk, Aaron",668845,115,97,371,-3.190343560964644,-5.111137006226076,1.621264379688511,-0.1256027551192631,0.4251318206921781,aaron schunk
2024,"Fletcher, Dominic",666150,145,240,900,-18.596924994622444,-12.2416177738698,-11.481360551957732,0.693805114918344,4.432248216286749,dominic fletcher
2024,"León, Pedro",694175,117,21,90,-3.1558932555948958,-1.8382185487838916,-1.5624092882001903,-0.0278850001673502,0.2726195815565367,pedro leon
2024,"Whitcomb, Shay",694376,117,46,181,-1.82354955426016,-1.725593950552254,-1.585871482868,0.4532373263225216,1.0346785528375724,shay whitcomb
2024,"Witt Jr., Bobby",677951,118,700,2600,57.23390993050005,12.906392136492284,8.213711028934267,21.11927626019312,14.994530504880403,bobby witt jr.
2024,"Anderson, Tim",641313,146,241,945,-23.69127810629372,-12.843216335618836,-13.671995386660033,1.3868141901595978,1.4371194258254798,tim anderson
2024,"Hill, Derek",656537,146,172,609,-1.6943532870508458,3.467266696366432,-9.054215585292775,2.0745757611102973,1.818019840765188,derek hill
2024,"Chourio, Jackson",694192,158,569,2103,14.514330071749267,12.141834918467,-12.604066929906445,6.678048375705918,8.298513707482769,jackson chourio
2024,"Iglesias, Jose",578428,121,290,1075,8.96123744819406,0.6253213811587183,-3.889973622426942,7.561084776030883,4.664804913431394,jose iglesias
2024,"Acuña, Luisangel",682668,121,40,136,5.068355047674255,4.232757383847927,-0.2756857450740287,0.7574331115275534,0.3538502973728012,luisangel acuna
2024,"Trevino, Jose",624431,147,234,890,-2.341794270626857,-6.060837761182717,-3.022872117001644,2.210955272123697,4.530960335433798,jose trevino
2024,"Soto, Juan",665742,147,709,2957,72.76348321785393,9.220682753064658,5.823255437404155,37.49198968069997,20.22755534668529,juan soto
2024,"Toro, Abraham",647351,133,363,1394,-11.699401898655331,-17.350145500114234,-7.789369865911769,6.719566922790749,6.720546544579932,abraham toro
2024,"Butler, Lawrence",671732,133,451,1815,11.79595172049711,4.1718824634597445,-13.99659171859531,15.735866835704693,5.884794139927971,lawrence butler
2024,"Harris, Brett",695391,133,123,493,-4.288272725397308,-6.441868914552098,-5.819720204384852,5.159607304002208,2.813709089537427,brett harris
2024,"Realmuto, J.T.",592663,143,412,1583,2.5169283524051558,1.5361347633407425,-12.097696649041833,7.079080752719233,5.999409485387004,j.t. realmuto
2024,"Hays, Austin",669720,143,254,845,-2.847708339394402,0.287466479979384,-7.152614737055751,-0.7712152655909904,4.788655183272965,austin hays
2024,"Delay, Jason",641511,134,19,50,0.2598911828329853,0.0687445031524806,-0.4906896023364365,0.5753849559338404,0.1064513260831007,jason delay
2024,"Triolo, Jared",669707,134,446,1764,-9.578574359914407,-12.86301956600145,-12.212776539577728,9.455449342540378,6.041772403124345,jared triolo
2024,"McKenna, Ryan",663630,137,15,52,1.6840791617585984,3.400112956702639,-2.279436930431114,0.3335744933313908,0.2298286421556823,ryan mckenna
2024,"Bailey, Patrick",672275,137,446,1782,-11.54317355226172,-15.66019428013447,-15.25720106719842,12.147731222992684,7.226490572078475,patrick bailey
2024,"Crawford, Brandon",543063,138,79,318,-4.641483533613408,-5.836541323254645,-1.7868079196523978,2.414261466349599,0.5676042429440333,brandon crawford
2024,"Shenton, Austin",668853,139,50,212,0.7299791436410944,-2.1678726677934086,0.7078051110766721,1.0672607327415256,1.122785967616303,austin shenton
2024,"García, Adolis",666969,140,635,2534,-11.154178460683507,-15.81028568452324,-17.230204653900742,12.016451648128818,9.869860229611623,adolis garcia
2024,"Varsho, Daulton",662139,141,510,2039,-5.354705372983674,-11.857137194760147,-16.524248424395196,15.205188757006802,7.821491489164805,daulton varsho
2024,"Gurriel Jr., Lourdes",666971,109,552,2083,6.436777512417789,-7.079728392956714,-3.9322977252161633,10.106026937060426,7.342776693530239,lourdes gurriel jr.
2024,"Rutschman, Adley",668939,110,635,2593,0.0391532803863875,-11.29467304582807,-17.668518096887343,17.164598248123514,11.837746174978342,adley rutschman
2024,"Hamilton, David",666152,111,317,1190,-1.142322481219555,-1.274233532732058,-13.977924879433768,9.699566400230191,4.410269530716058,david hamilton
2024,"Rafaela, Ceddanne",678882,111,570,2070,-6.74626749292693,-1.802035012341464,-6.130931620411428,-2.856760022750099,4.043459162576129,ceddanne rafaela
2024,"Hoerner, Nico",663538,112,640,2314,2.17636296495621,-17.26045860276547,-7.016203291059252,17.943779415348256,8.50924544343271,nico hoerner
2024,"Naylor, Bo",666310,114,388,1624,-10.343488648176145,-15.658534114596266,-12.154251041148877,11.126830152059693,6.3424663555093215,bo naylor
2024,"Manzardo, Kyle",700932,114,156,636,-2.3075370387771965,-2.9168822999384534,-5.919150565120019,4.214434260102288,2.3140615661789874,kyle manzardo
2024,"Maldonado, Martín",455117,145,147,556,-16.756600446674387,-7.175430388530009,-10.953886820016848,-0.2676797862358001,1.640396548108252,martin maldonado
2024,"Julks, Corey",667452,145,189,767,-9.23151604883905,-7.11465748861093,-11.320082633628145,5.618683733171894,3.584540340228131,corey julks
2024,"Vilade, Ryan",668723,116,49,188,-4.758272534035212,-3.255816083277653,-2.030782454382631,-0.0821259043365039,0.6104519079615773,ryan vilade
2024,"Baddoo, Akil",668731,116,82,318,-6.404851912415377,-2.376240604945876,-5.606742269456111,1.2781741677246117,0.2999567942619975,akil baddoo
2024,"Pham, Tommy",502054,118,478,1923,-1.5057764734522994,-5.87422780644703,-17.29619857536693,14.351672000439622,7.312977907921991,tommy pham
2024,"DeJong, Paul",657557,118,482,1851,-5.530622028939527,13.522481653536683,-31.34481301035017,5.58936042061439,6.702348907259572,paul dejong
2024,"Pache, Cristian",665506,146,181,753,-8.507175340074337,-3.991501483847641,-13.827532953857254,6.698585822561114,2.613273275069435,cristian pache
2024,"Miller, Owen",680911,158,27,103,-3.1762122538562645,-2.8040714217053746,-0.4944909149368446,-0.1164738571466027,0.2388239399325576,owen miller
2024,"Santana, Carlos",467793,142,591,2423,5.262136997185851,-13.653577397729386,-10.055727980961189,17.970208890458096,11.00123348541831,carlos santana
2024,"Martinez, J.D.",502110,121,495,2052,1.8373325073204805,-5.482920917887887,-11.465078020248834,9.811782100870555,8.973549344586615,j.d. martinez
2024,"LeMahieu, DJ",518934,147,228,845,-14.061811120401869,-13.811779409299032,-7.604292716175824,3.6718086420284326,3.6824523630445705,dj lemahieu
2024,"Jones, Jahmai",663330,147,47,152,-0.3200545519498869,-0.1676519218767882,-1.880395747428236,1.0538795772697316,0.674113540085406,jahmai jones
2024,"Narváez, Carlos",665966,147,15,68,-0.8925388462639506,-0.0490354806625906,-1.4151782914711233,0.6198589826921646,-0.048184056822402,carlos narvaez
2024,"Stevenson, Cal",670276,143,27,102,-0.5444143373152002,-3.7312675009932814,2.080472988955633,0.7344039639946588,0.3719762107277923,cal stevenson
2024,"McKinney, Billy",641856,134,28,114,-1.6602845191115196,-0.4316033355307564,-2.6738431788116186,0.5146332437462418,0.930528751484612,billy mckinney
2024,"Tellez, Rowdy",642133,134,421,1666,-4.231616791748798,-8.305394141035588,-8.72468687829883,9.298916731834892,3.499547495750727,rowdy tellez
2024,"Olivares, Edward",658668,134,196,768,-6.418423741943692,-7.935175816928912,-6.839731213167977,5.4243258572075685,2.932157430945626,edward olivares
2024,"Bart, Joey",663698,134,282,1127,6.603773469928012,0.3816498993021139,-3.130846333786587,3.43847180105127,5.914498103361214,joey bart
2024,"Turner, Justin",457759,136,537,2320,4.388513296204918,-20.22486793631662,-4.40469201730554,19.76262581053098,9.255447439296097,justin turner
2024,"Arozarena, Randy",668227,136,648,2774,14.186727827411096,-8.42241381607049,-22.253531541970688,28.79085582634406,16.071817359108316,randy arozarena
2024,"Flores, Wilmer",527038,137,240,962,-8.981059527692954,-8.355320085576402,-10.851929550262229,8.154782063101878,2.0714080450438077,wilmer flores
2024,"Winn, Masyn",691026,138,634,2553,-1.3606138162780996,-18.2312293157985,-6.858122816755333,18.469121151879992,5.25961716439576,masyn winn
2024,"Semien, Marcus",543760,140,716,2626,0.2452409632409529,-4.921559686496548,-27.467402719584257,21.23452824256165,11.39967512676011,marcus semien
2024,"Lowe, Nathaniel",663993,140,564,2356,10.891771384062467,-16.037185127410744,-6.43968556962321,24.43779654210721,8.930845538989253,nathaniel lowe
2024,"Ornelas, Jonathan",680716,140,40,163,-2.9846574820885188,-2.1736829321062405,-1.7536037790563408,0.0331508011471342,0.909478427926928,jonathan ornelas
2024,"Crews, Dylan",686611,120,132,520,-3.3002267133978864,-2.279872397379809,-5.921075415456116,2.7601001063189696,2.1406209931190685,dylan crews
